send_ts,repo_error,px_error_x, px_error_y,unit_vec_x, unit_vec_y, unit_vec_z,rot_error_x, rot_error_y, rot_error_z,w_x,w_y,w_z,v_x,v_y,v_z
1784225694.247535,28.407,218.759,48.889,0.238,-0.661,-0.343,4.542,-3.163,-8.611,0.000,0.000,0.000,29.411,-47.717,-37.558
1784225694.666488,35.248,217.082,49.330,0.178,-0.476,-0.356,4.677,-3.398,-9.273,0.000,0.000,0.000,27.766,-46.619,-42.460
1784225695.059596,30.923,214.343,42.619,0.150,-0.399,-0.523,5.168,-2.769,-9.375,0.000,0.000,0.000,21.668,-42.197,-46.208
1784225695.460628,34.030,219.519,39.948,0.172,-0.628,-0.471,4.977,-2.748,-8.689,0.000,0.000,0.000,26.280,-48.623,-46.108
1784225695.869771,51.192,215.376,49.359,-0.079,-0.585,-0.558,5.420,-3.538,-8.726,0.000,0.000,0.000,-19.107,-49.751,-49.672
1784225696.256576,35.121,215.952,47.191,0.165,-0.468,-0.492,5.223,-3.393,-9.039,0.000,0.000,0.000,26.076,-46.404,-46.946
1784225696.647866,55.390,206.778,57.320,0.272,-0.156,-0.466,5.495,-3.170,-9.540,0.000,0.000,0.000,45.335,-34.925,-49.431
1784225697.038914,90.873,210.144,45.959,0.240,-0.293,-0.361,5.047,-2.850,-8.969,0.000,0.000,0.000,48.732,-49.517,-49.859
1784225697.430397,56.437,195.885,60.721,0.515,0.012,-0.254,5.646,-3.003,-9.515,0.000,0.000,0.000,49.702,3.473,-44.613
1784225697.812943,90.785,200.049,38.609,0.334,-0.182,-0.305,4.941,-2.610,-8.846,0.000,0.000,0.000,49.770,-46.438,-49.610
1784225698.187225,40.210,108.780,24.268,-0.772,-0.098,-0.150,4.444,-4.669,-8.405,0.000,0.000,0.000,-49.799,-18.807,-26.904
1784225698.568313,109.961,23.018,151.054,0.441,0.694,0.417,5.516,-5.505,-9.231,0.000,0.000,0.000,49.994,50.000,49.989
1784225698.954453,46.044,113.836,-51.780,-0.583,0.086,-0.559,4.404,-4.671,-8.335,0.000,0.000,0.000,-49.538,18.794,-49.419
1784225699.340516,45.369,130.710,-87.079,-0.582,-0.097,-0.596,4.478,-6.223,-7.768,0.000,0.000,0.000,-49.492,-20.683,-49.554
1784225699.714324,51.747,102.955,-64.936,-0.419,0.061,-0.702,4.732,-5.972,-7.927,0.000,0.000,0.000,-48.715,15.324,-49.930
1784225700.105091,121.376,105.099,148.423,0.152,0.576,0.544,6.843,-4.857,-9.810,0.000,0.000,0.000,47.557,50.000,50.000
1784225700.488610,55.312,171.372,133.235,-0.281,0.432,0.676,5.700,-4.503,-9.407,0.000,0.000,0.000,-45.725,49.165,49.944
1784225700.898886,114.888,208.125,121.438,-0.346,-0.399,0.511,6.473,-4.903,-8.210,0.000,0.000,0.000,-49.965,-49.990,49.999
1784225701.320569,38.401,201.217,133.520,0.598,-0.166,0.652,5.882,-4.182,-9.003,0.000,0.000,0.000,49.001,-28.129,49.338
1784225701.761891,48.350,204.190,130.700,0.598,-0.319,0.442,5.948,-4.959,-8.578,0.000,0.000,0.000,49.692,-45.629,48.631
1784225702.180104,108.002,198.569,112.277,0.549,-0.153,0.379,5.676,-4.699,-8.839,0.000,0.000,0.000,49.999,-46.459,49.972
1784225702.564873,480.155,157.782,73.300,0.528,0.171,0.057,5.733,-3.452,-9.323,0.000,0.000,0.000,50.000,50.000,49.573
1784225702.963232,505.683,147.311,47.571,0.591,0.325,-0.215,5.314,-2.764,-8.858,0.000,0.000,0.000,50.000,50.000,-50.000
1784225703.340003,218.996,134.361,-6.553,0.146,0.327,-0.634,5.394,-3.968,-9.075,0.000,0.000,0.000,49.834,50.000,-50.000
1784225703.718467,85.588,136.460,-1.529,0.214,0.494,-0.685,4.796,-3.361,-9.704,0.000,0.000,0.000,47.499,49.979,-49.999
1784225704.092814,236.982,105.130,-92.962,-0.338,0.119,-0.872,4.305,-2.111,-8.575,0.000,0.000,0.000,-50.000,49.646,-50.000
1784225704.463061,76.601,148.771,-102.382,-0.138,-0.058,-0.632,2.632,-2.292,-7.901,0.000,0.000,0.000,-39.293,-20.775,-49.994
1784225704.839210,36.956,153.077,-28.424,-0.731,0.006,-0.570,5.222,-4.342,-8.561,0.000,0.000,0.000,-49.553,1.103,-48.546
1784225705.224566,74.428,236.132,-95.593,-0.595,-0.381,-0.504,3.257,-4.516,-7.877,0.000,0.000,0.000,-49.986,-49.656,-49.945
1784225705.612474,271.534,-4.985,4.268,0.294,0.674,-0.122,5.384,-3.793,-8.438,0.000,0.000,0.000,50.000,50.000,-49.865
1784225706.003104,537.454,-39.887,-23.040,0.213,0.793,-0.374,4.022,0.787,-11.777,0.000,0.000,0.000,50.000,50.000,-50.000
1784225706.383883,16.032,218.955,113.460,-0.245,-0.696,0.381,5.911,-4.648,-8.458,0.000,2.872,-2.283,0.000,0.000,0.000
1784225706.796582,14.749,229.603,114.067,-0.495,-0.799,0.288,6.043,-4.749,-8.492,0.000,2.933,-2.331,0.000,0.000,0.000
1784225707.213413,11.027,210.796,112.605,-0.660,-0.566,0.345,5.497,-4.248,-8.649,0.000,2.682,-2.093,0.000,0.000,0.000
1784225707.615717,8.732,189.382,84.830,-0.432,-0.735,0.375,3.798,-3.706,-7.265,0.000,1.877,-1.832,0.000,0.000,0.000
1784225708.005615,12.699,185.933,77.237,-0.451,-0.512,0.422,2.998,-3.000,-7.155,0.000,1.488,-1.489,0.000,0.000,0.000
1784225708.399036,18.369,191.385,59.946,-0.638,-0.588,0.350,2.416,-3.039,-6.572,0.000,1.202,-1.508,0.000,0.000,0.000
1784225708.818283,8.702,152.819,43.118,-0.438,-0.593,0.455,1.081,-2.538,-5.725,0.000,0.540,-1.262,0.000,0.000,0.000
1784225709.210741,14.032,150.385,43.989,-0.363,-0.559,0.410,1.075,-1.888,-5.357,0.000,0.537,-0.941,0.000,0.000,0.000
1784225709.599906,17.280,156.173,39.718,-0.582,-0.483,0.453,0.730,-2.048,-5.133,0.000,0.365,-1.021,0.000,0.000,0.000
1784225709.987534,19.544,151.120,34.101,-0.493,-0.675,0.443,0.324,-1.952,-4.347,0.000,0.000,-0.973,0.000,0.000,0.000
1784225710.373137,18.943,147.572,42.056,-0.623,-0.452,0.374,0.575,-1.924,-4.492,0.000,0.287,-0.959,0.000,0.000,0.000
1784225710.756233,23.716,147.913,36.277,-0.486,-0.441,0.403,0.427,-1.616,-4.157,0.000,0.000,-0.806,0.000,0.000,0.000
1784225711.138028,11.962,107.097,21.691,-0.499,-0.671,0.452,-0.198,-1.339,-3.251,0.000,0.000,-0.668,0.000,0.000,0.000
1784225711.523948,10.230,91.265,20.304,-0.575,-0.702,0.566,-0.625,-1.192,-2.748,0.000,-0.312,-0.595,0.000,0.000,0.000
1784225711.914173,8.221,84.955,12.868,-0.612,-0.823,0.462,-0.637,-1.284,-2.392,0.000,-0.318,-0.641,0.000,0.000,0.000
1784225712.298706,9.726,86.680,16.616,-0.416,-0.693,0.453,-0.444,-1.129,-2.226,0.000,0.000,-0.564,0.000,0.000,0.000
1784225712.691556,9.269,80.248,14.578,-0.394,-0.740,0.441,-0.395,-0.982,-1.913,0.000,0.000,-0.491,0.000,0.000,0.000
1784225713.078432,10.286,79.194,20.631,-0.356,-0.698,0.439,-0.174,-0.985,-1.858,0.000,0.000,-0.492,0.000,0.000,0.000
1784225713.472525,10.110,74.721,26.431,-0.424,-0.559,0.444,0.010,-0.767,-1.919,0.000,0.000,-0.383,0.000,0.000,0.000
1784225713.859777,9.496,65.956,17.283,-0.401,-0.619,0.391,-0.141,-0.785,-1.583,0.000,0.000,-0.392,0.000,0.000,0.000
1784225714.248774,11.052,67.231,22.768,-0.550,-0.620,0.451,0.006,-0.779,-1.653,0.000,0.000,-0.389,0.000,0.000,0.000
1784225714.637710,7.520,57.087,17.137,-0.332,-0.670,0.402,-0.122,-0.653,-1.222,0.000,0.000,-0.326,0.000,0.000,0.000
1784225715.028112,8.738,58.634,20.894,-0.301,-0.585,0.448,-0.108,-0.579,-1.254,0.000,0.000,-0.289,0.000,0.000,0.000
1784225715.416770,13.820,60.739,24.691,-0.560,-0.510,0.412,0.203,-0.591,-1.393,0.000,0.000,-0.295,0.000,0.000,0.000
1784225715.806338,11.550,56.247,23.128,-0.474,-0.686,0.409,0.166,-0.677,-1.015,0.000,0.000,-0.338,0.000,0.000,0.000
,,,,,, 
1784225716.607364,12.390,53.410,27.008,-0.600,-0.517,0.498,0.110,-0.517,-1.036,0.000,0.000,0.000,-31.555,-28.258,27.458
1784225717.026154,8.280,45.377,21.557,-0.376,-0.658,0.506,-0.194,-0.418,-0.590,0.000,0.000,0.000,-15.075,-24.839,19.814
,,,,,, 
1784225717.836774,6.846,33.237,9.030,-0.204,-0.809,0.394,-0.456,-0.505,0.124,0.000,0.000,-0.252,0.000,0.000,0.000
1784225718.232085,7.758,32.233,13.513,-0.212,-0.808,0.440,-0.297,-0.500,-0.004,0.000,0.000,-0.250,0.000,0.000,0.000
,,,,,, 
1784225719.017121,12.765,39.756,23.439,-0.090,-0.776,0.474,-0.078,-0.493,-0.094,0.000,0.000,0.000,-5.693,-37.881,27.016
1784225719.415097,26.238,57.644,40.534,-0.397,-0.636,0.505,0.390,-0.307,-0.311,0.000,0.000,0.000,-38.925,-46.569,43.390
1784225719.805207,42.237,56.971,58.942,0.011,-0.373,0.547,0.727,-1.074,-0.553,0.000,0.000,0.000,2.332,-45.892,49.027
1784225720.189448,93.388,52.260,73.661,0.006,-0.161,0.628,0.929,0.039,-0.361,0.000,0.000,0.000,2.703,-45.267,49.999
1784225720.571351,66.349,-25.387,41.022,-0.257,0.620,0.527,0.404,-0.174,-1.508,0.000,0.000,0.000,-46.805,49.973,49.908
1784225720.961290,61.437,-112.438,70.427,0.427,0.731,0.429,0.380,0.454,-0.787,0.000,0.000,0.000,49.473,49.987,49.486
1784225721.346486,32.138,-69.618,0.148,0.237,0.979,0.063,-0.095,-0.099,-0.946,0.000,0.000,0.000,32.135,49.815,10.057
1784225721.735256,83.280,-6.170,-61.875,0.584,0.144,-0.408,-0.478,0.651,-0.633,0.000,0.000,0.000,49.994,41.612,-49.889
1784225722.117177,888.173,18.863,-95.053,0.111,-0.152,-0.598,-1.230,1.147,-0.250,0.000,0.000,0.000,50.000,-50.000,-50.000
1784225722.501782,15.729,31.598,-42.980,-0.246,-0.635,-0.687,-0.493,-0.093,-0.119,0.000,0.000,0.000,-18.414,-38.070,-39.680
1784225722.887498,23.779,76.063,-31.506,-0.068,-0.850,-0.335,-0.833,-0.093,-0.058,0.000,0.000,0.000,-7.969,-48.274,-33.105
1784225723.267548,31.358,66.711,-66.394,-0.748,-0.505,-0.325,-0.803,0.231,-0.320,0.000,0.000,0.000,-49.093,-45.960,-38.471
1784225723.652864,29.396,-24.778,23.599,-0.855,0.223,0.370,-0.737,0.126,-0.251,0.000,0.000,0.000,-49.349,28.753,39.807
1784225724.040056,74.487,26.580,-84.962,0.518,-0.054,-0.487,-0.979,0.055,-0.761,0.000,0.000,0.000,49.956,-19.165,-49.929
1784225724.423434,47.862,-77.750,83.900,-0.152,0.567,0.497,0.854,-0.598,-0.295,0.000,0.000,0.000,-31.113,49.563,49.152
1784225724.821065,66.659,-111.353,48.356,0.043,0.713,0.481,0.569,-0.691,-0.774,0.000,0.284,-0.346,0.000,0.000,0.000
1784225725.211933,66.738,-98.750,80.987,-0.176,0.643,0.542,0.999,0.338,-1.163,0.000,0.499,0.000,0.000,0.000,0.000
1784225725.605319,81.676,-92.267,122.853,-0.060,0.408,0.617,1.703,0.825,-1.038,0.000,0.850,0.412,0.000,0.000,0.000
1784225725.989762,76.244,-42.393,83.508,-0.045,0.419,0.574,1.228,-0.106,-1.090,0.000,0.613,0.000,0.000,0.000,0.000
1784225726.377307,784.806,72.940,82.690,-0.184,-0.254,0.526,1.323,-0.050,-0.198,0.000,0.661,0.000,0.000,0.000,0.000
1784225726.764639,136.511,-14.825,123.321,0.038,0.069,0.628,1.547,1.441,-0.825,0.000,0.772,0.719,0.000,0.000,0.000
1784225727.178392,447.163,0.732,-137.489,-0.219,0.039,-0.690,-2.175,1.174,-1.355,0.000,-1.083,0.586,0.000,0.000,0.000
1784225727.558616,115.404,-9.958,106.149,-0.021,0.073,0.681,0.280,0.589,-0.349,0.000,0.000,0.295,0.000,0.000,0.000
,,,,,, 
1784225728.335369,169.957,1.402,95.994,0.227,0.190,0.641,0.489,0.379,-0.277,0.000,0.000,0.000,49.956,49.845,50.000
1784225728.712589,102.007,5.015,93.787,-0.221,0.100,0.738,-0.565,-0.143,-0.513,0.000,0.000,0.000,-48.911,38.475,50.000
1784225729.099429,107.501,48.539,87.397,-0.049,0.038,0.623,0.496,-0.194,-0.985,0.000,0.000,0.000,-23.960,19.226,50.000
1784225729.488552,88.984,-28.295,65.347,0.228,0.605,0.446,0.282,-0.697,-2.988,0.000,0.000,-0.349,0.000,0.000,0.000
1784225729.874182,2305.628,184.783,-94.900,-0.208,-0.953,-0.352,-2.711,-0.270,-0.573,0.000,-1.347,0.000,0.000,0.000,0.000
1784225730.265888,104.776,70.440,-76.209,0.352,-0.418,-0.320,-1.894,0.886,-0.666,0.000,-0.944,0.443,0.000,0.000,0.000
1784225730.649338,170.989,98.421,-74.421,0.103,-0.796,-0.283,-2.616,-0.160,-0.329,0.000,-1.300,0.000,0.000,0.000,0.000
1784225731.072179,52.755,87.883,-53.044,0.387,-0.730,-0.212,-2.497,-0.423,-0.555,0.000,-1.242,0.000,0.000,0.000,0.000
1784225731.466698,43.594,96.477,-40.975,0.270,-0.841,-0.300,-1.468,-0.615,-0.649,0.000,-0.733,-0.307,0.000,0.000,0.000
1784225731.853504,155.083,130.609,-52.194,0.270,-0.772,-0.188,-2.117,0.324,0.045,0.000,-1.054,0.000,0.000,0.000,0.000
1784225732.238558,88.592,94.956,-76.288,0.395,-0.727,-0.259,-1.577,2.030,0.331,0.000,-0.787,1.012,0.000,0.000,0.000
1784225732.628652,71.286,115.094,-46.933,0.247,-0.836,-0.237,-1.325,-0.345,-0.380,0.000,-0.662,0.000,0.000,0.000,0.000
1784225733.012088,78.691,107.767,-29.290,0.207,-0.787,-0.291,-0.556,-0.832,-0.589,0.000,-0.278,-0.416,0.000,0.000,0.000
1784225733.396858,104.045,103.453,-70.682,0.279,-0.801,-0.367,-0.561,2.453,0.543,0.000,-0.280,1.221,0.000,0.000,0.000
1784225733.811247,99.020,133.584,-79.651,0.049,-0.914,-0.427,0.338,1.650,-0.078,0.000,0.000,0.823,0.000,0.000,0.000
1784225734.202335,41.844,78.666,-9.505,-0.331,-0.932,-0.508,1.401,-0.196,-0.967,0.000,0.700,0.000,0.000,0.000,0.000
,,,,,, 
1784225734.998147,119.170,110.373,-70.524,-0.291,-0.721,-0.614,0.929,1.547,-1.250,0.000,0.000,0.000,-49.902,-50.000,-50.000
1784225735.409151,100.200,92.144,-46.370,-0.201,-0.585,-0.341,0.061,0.548,-1.632,0.000,0.000,0.000,-48.256,-49.999,-49.892
1784225735.801036,52.510,108.933,-18.103,0.060,-0.881,-0.244,0.246,-0.351,-1.458,0.000,0.000,0.000,15.168,-49.990,-42.829
1784225736.196657,47.133,34.025,61.671,0.829,0.009,0.280,0.971,-0.872,-1.961,0.000,0.000,0.000,49.960,2.071,43.364
1784225736.586730,44.411,34.729,53.310,0.759,-0.066,0.314,1.406,-1.178,-1.500,0.000,0.000,0.000,49.882,-14.196,44.223
1784225736.968721,60.923,37.394,79.494,0.649,-0.029,0.345,1.699,-1.716,-1.926,0.000,0.000,0.000,49.963,-8.732,48.522
1784225737.354976,130.688,-21.300,23.776,0.731,0.485,0.016,1.334,-0.436,-2.931,0.000,0.000,0.000,50.000,50.000,10.509
1784225737.738055,71.365,-58.335,-80.787,0.514,0.568,-0.464,1.257,2.695,-2.043,0.000,0.000,0.000,49.934,49.970,-49.868
1784225738.125777,78.677,-30.367,-133.658,0.203,0.568,-0.572,-1.149,1.585,-3.030,0.000,0.000,0.000,46.040,49.987,-49.988
1784225738.501634,46.302,-15.296,-120.293,-0.414,0.360,-0.670,0.222,0.913,-2.383,0.000,0.000,0.000,-47.877,46.556,-49.798
1784225738.879474,26.267,69.781,-67.553,-0.613,-0.411,-0.509,0.583,-0.899,-1.577,0.000,0.000,0.000,-46.156,-39.655,-43.553
1784225739.266300,16.932,44.512,-11.157,-0.931,-0.198,-0.174,1.073,-0.638,-2.182,0.000,0.000,0.000,-45.901,-16.159,-14.281
1784225739.656465,25.661,138.124,41.121,-0.495,-0.655,0.141,1.528,-1.335,-2.070,0.000,0.000,0.000,-42.710,-46.643,17.304
1784225740.058497,37.446,116.164,86.634,-0.553,-0.582,0.459,1.963,-1.097,-1.743,0.000,0.000,0.000,-48.432,-48.734,46.887
1784225740.456636,48.148,124.235,105.477,-0.389,-0.507,0.417,2.730,-0.819,-2.058,0.000,0.000,0.000,-47.684,-49.247,48.228
1784225740.855844,61.601,14.929,-129.913,0.005,0.089,-0.583,-1.645,0.677,-1.549,0.000,0.000,0.000,1.491,25.007,-49.925
1784225741.240691,40.436,29.251,-129.293,-0.616,-0.286,-0.581,0.156,-1.733,-1.162,0.000,0.000,0.000,-49.316,-40.995,-49.097
1784225741.628922,41.731,11.530,73.896,0.538,0.438,0.385,1.479,-1.237,-2.105,0.000,0.000,0.000,48.895,47.490,46.139
1784225742.014505,33.989,31.210,85.253,0.499,0.116,0.586,1.045,-0.885,-1.355,0.000,0.000,0.000,46.755,18.708,48.176
1784225742.407334,102.353,15.803,52.466,0.030,0.608,0.382,1.822,-0.969,-2.554,0.000,0.000,0.000,14.915,50.000,49.960
1784225742.795627,58.606,25.866,68.311,0.699,0.116,0.389,1.645,-1.524,-2.147,0.000,0.000,0.000,49.972,29.652,48.966
1784225743.173768,80.150,-4.384,84.161,0.434,0.433,0.309,2.033,-1.316,-2.994,0.000,0.000,0.000,49.905,49.903,49.297
1784225743.553626,436.902,79.961,-91.451,0.014,-0.266,-0.629,1.357,1.660,-2.170,0.000,0.000,0.000,27.300,-50.000,-50.000
1784225743.950449,77.602,92.557,-50.362,-0.412,-0.655,-0.681,0.489,-0.373,-1.474,0.000,0.000,0.000,-49.833,-49.996,-49.997
1784225744.335089,16.001,73.761,-15.419,-0.278,-0.796,-0.645,1.059,-0.654,-1.477,0.000,0.000,0.000,-20.861,-42.734,-38.750
1784225744.719012,74.756,88.729,-101.750,0.005,-0.308,-0.577,-1.030,-0.669,-1.125,0.000,0.000,0.000,1.746,-49.006,-49.982
1784225745.100270,99.097,80.591,-126.216,-0.315,-0.519,-0.686,-0.552,0.111,-0.416,0.000,0.000,0.000,-49.807,-49.997,-50.000
1784225745.495003,35.809,64.070,-87.592,-0.683,-0.277,-0.551,0.777,-0.617,-1.522,0.000,0.000,0.000,-49.257,-37.890,-48.104
1784225745.879142,160.380,-68.163,69.992,0.332,0.872,0.180,2.813,-1.699,-2.975,0.000,0.000,0.000,49.998,50.000,49.693
1784225746.262631,64.433,130.579,-107.227,-0.664,-0.796,-0.748,1.232,-0.080,-0.502,0.000,0.000,0.000,-49.981,-49.996,-49.993
1784225746.652495,25.504,5.021,49.459,0.271,0.577,0.343,2.055,-0.649,-1.764,0.000,0.000,0.000,29.930,44.998,35.186
1784225747.041816,93.543,-62.757,70.538,0.003,0.804,0.326,3.089,-0.942,-2.311,0.000,0.000,0.000,1.254,50.000,49.777
1784225747.428751,90.782,-52.027,98.743,0.090,0.686,0.459,3.008,-1.703,-2.417,0.000,0.000,0.000,33.789,50.000,49.976
1784225747.818074,15.425,21.073,47.125,-0.006,0.648,0.488,1.326,-0.769,-2.222,0.000,0.000,0.000,-0.484,38.059,31.827
1784225748.205809,132.071,-55.887,92.823,0.380,0.602,0.356,2.534,-2.235,-2.732,0.000,0.000,0.000,49.996,50.000,49.992
1784225748.581966,131.707,122.046,-126.406,-0.213,-0.577,-0.760,0.529,0.121,-1.233,0.000,0.000,0.000,-49.634,-50.000,-50.000
1784225748.966503,147.055,98.851,-73.570,0.159,-0.488,-0.553,0.557,0.053,-1.200,0.000,0.000,0.000,49.079,-50.000,-50.000
1784225749.355748,104.906,84.909,-37.920,0.592,-0.324,-0.244,1.446,1.786,-1.359,0.000,0.000,0.000,50.000,-49.888,-49.405
1784225749.735869,46.071,41.348,93.705,0.670,-0.042,0.366,1.565,-0.278,-1.949,0.000,0.000,0.000,49.792,-9.661,46.693
1784225750.117015,46.172,-63.807,43.888,-0.459,0.612,0.206,1.630,0.152,-1.374,0.000,0.000,0.000,-48.573,49.649,37.020
1784225750.504301,43.915,-85.562,23.021,-0.438,0.672,0.059,1.599,0.502,-1.520,0.000,0.000,0.000,-47.917,49.728,12.685
1784225750.888102,33.775,-10.121,-55.446,-0.737,0.526,-0.300,0.061,1.120,-2.276,0.000,0.000,0.000,-49.314,47.217,-38.361
1784225751.276269,60.099,-34.562,-97.833,-0.390,0.622,-0.527,0.906,2.170,-2.033,0.000,0.000,0.000,-49.089,49.943,-49.824
1784225751.676627,75.067,-36.096,-99.583,0.301,0.579,-0.583,0.224,0.629,-2.344,0.000,0.000,0.000,48.921,49.983,-49.984
1784225752.058234,141.174,155.557,96.170,-0.332,-0.745,0.302,2.031,-1.474,-2.344,0.000,0.000,0.000,-49.992,-50.000,49.980
1784225752.435504,59.469,143.816,93.118,0.080,-0.890,0.388,2.370,-1.681,-1.374,0.000,1.179,-0.839,0.000,0.000,0.000
1784225752.827709,47.846,135.773,74.773,-0.052,-0.800,0.374,2.334,-1.157,-1.817,0.000,1.162,-0.578,0.000,0.000,0.000
1784225753.218440,35.760,87.821,72.347,0.195,-0.625,0.554,1.580,-1.023,-1.482,0.000,0.789,-0.511,0.000,0.000,0.000
1784225753.615115,59.416,103.978,85.348,-0.018,-0.603,0.487,1.401,-1.540,-1.928,0.000,0.699,-0.769,0.000,0.000,0.000
1784225754.032026,136.963,117.540,76.174,-0.609,-0.788,0.389,1.893,-1.359,-1.395,0.000,0.944,-0.678,0.000,0.000,0.000
1784225754.444174,31.028,83.943,22.149,0.151,-0.873,0.311,0.338,-0.506,-0.794,0.000,0.000,-0.253,0.000,0.000,0.000
1784225754.838263,35.131,75.181,25.256,0.300,-0.817,0.257,0.481,-0.723,-0.583,0.000,0.000,-0.361,0.000,0.000,0.000
1784225755.246564,150.890,131.229,47.855,0.241,-0.812,0.287,0.681,-0.583,0.228,0.000,0.340,-0.292,0.000,0.000,0.000
,,,,,, 
1784225756.035239,50.649,89.845,39.154,0.293,-0.772,0.338,0.401,-0.911,-0.134,0.000,0.000,0.000,45.123,-49.960,46.831
1784225756.426143,31.567,66.580,17.895,0.331,-0.809,0.311,-0.112,-0.303,-0.045,0.000,0.000,0.000,38.980,-49.397,37.702
1784225756.807328,84.868,115.716,71.336,0.423,-0.704,0.415,0.497,0.174,0.579,0.000,0.000,0.000,49.924,-49.999,49.913
1784225757.189152,146.673,-77.727,61.299,0.312,0.606,0.451,0.640,-0.406,-1.778,0.000,0.000,0.000,49.989,50.000,50.000
1784225757.571205,90.733,135.314,82.622,-0.295,-0.716,0.460,0.531,-0.482,-0.525,0.000,0.000,0.000,-49.532,-50.000,49.976
1784225757.958045,51.562,-62.381,-124.754,-0.161,0.423,-0.525,-2.877,0.733,-0.321,0.000,0.000,0.000,-33.970,48.743,-49.557
1784225758.338645,15.629,2.009,-67.632,-0.264,0.012,-0.861,-1.066,-0.048,-0.210,0.000,0.000,0.000,-19.567,0.942,-43.656
1784225758.727293,109.728,-10.370,-112.089,-0.002,0.147,-0.613,-3.079,-0.318,-0.323,0.000,0.000,0.000,-0.967,46.184,-50.000
1784225759.105929,114.033,-10.282,-130.460,-0.377,0.159,-0.828,-1.806,0.326,-0.607,0.000,0.000,0.000,-49.982,47.405,-50.000
1784225759.483766,91.773,47.012,-156.058,-0.080,-0.285,-0.687,-3.351,-0.831,0.741,0.000,0.000,0.000,-31.317,-49.465,-50.000
1784225759.864704,135.456,-59.098,19.419,0.563,0.503,0.042,-0.171,0.856,-1.215,0.000,0.000,0.000,50.000,50.000,25.583
1784225760.238811,45.346,-114.870,-69.697,-0.506,0.627,-0.247,-2.068,0.819,-0.507,0.000,0.000,0.000,-48.990,49.662,-40.387
1784225760.617227,63.691,101.432,68.820,0.217,-0.788,0.462,0.524,-0.907,0.781,0.000,0.000,0.000,44.050,-49.996,49.724
1784225761.010202,13.512,47.402,-2.623,-0.067,-0.969,0.221,-0.894,-0.290,0.135,0.000,0.000,0.000,-4.486,-43.205,14.495
1784225761.389655,23.556,56.945,11.215,0.012,-0.947,0.275,-0.555,-0.381,-0.023,0.000,0.000,0.000,1.449,-48.859,28.526
1784225761.769560,79.685,195.692,69.574,-0.216,-0.805,0.351,0.886,-1.572,-0.193,0.000,0.000,0.000,-46.878,-50.000,49.631
1784225762.161793,48.212,2.194,39.533,0.793,-0.006,0.318,-0.605,-1.713,0.025,0.000,0.000,0.000,49.952,-1.378,45.567
1784225762.536549,79.881,36.441,-91.325,0.511,-0.198,-0.488,-1.296,0.083,0.183,0.000,-0.647,0.000,0.000,0.000,0.000
1784225762.941546,93.607,-71.498,-91.259,0.468,0.534,-0.384,-1.630,1.143,-1.182,0.000,-0.813,0.571,0.000,0.000,0.000
1784225763.335805,149.504,-62.153,-117.317,0.032,0.497,-0.620,-2.108,0.331,-1.322,0.000,-1.050,0.000,0.000,0.000,0.000
1784225763.730278,99.049,-50.000,-125.138,0.040,0.368,-0.684,-1.265,0.099,-0.553,0.000,-0.632,0.000,0.000,0.000,0.000
1784225764.118371,68.212,-9.191,-77.358,-0.297,0.450,-0.723,-0.728,-0.614,-1.229,0.000,-0.364,-0.307,0.000,0.000,0.000
1784225764.512223,167.677,-59.115,-103.852,0.388,0.487,-0.447,-2.632,0.857,-1.226,0.000,-1.308,0.428,0.000,0.000,0.000
1784225764.902111,191.759,-73.246,-83.326,0.308,0.600,-0.410,-2.159,1.634,-1.684,0.000,-1.075,0.815,0.000,0.000,0.000
,,,,,, 
1784225765.685386,185.488,-13.274,-114.769,-0.124,0.128,-0.758,0.328,0.347,-0.879,0.000,0.000,0.000,-49.015,49.130,-50.000
1784225766.075799,144.268,-58.225,-105.316,0.340,0.376,-0.576,1.530,3.175,-1.750,0.000,0.000,0.000,49.995,49.998,-50.000
1784225766.467143,108.113,-40.452,-88.347,0.604,0.411,-0.567,2.714,3.592,-1.670,0.000,0.000,0.000,50.000,49.986,-49.999
1784225766.843653,7389.763,-22.428,-100.199,0.092,0.327,-0.629,1.289,0.555,-2.860,0.000,0.000,0.000,50.000,50.000,-50.000
1784225767.233943,116.626,-22.658,121.825,-0.349,0.463,0.652,2.553,0.038,-2.081,0.000,0.000,0.000,-49.971,49.998,50.000
1784225767.626512,155.137,-165.101,-70.326,0.233,0.761,-0.295,1.820,3.022,-1.750,0.000,0.000,0.000,49.928,50.000,-49.989
1784225768.023480,23.023,101.535,47.289,-0.523,-0.584,0.095,2.136,-0.732,-1.557,0.000,0.000,0.000,-41.742,-43.628,10.755
1784225768.409416,15.133,91.401,34.293,-0.525,-0.930,-0.008,2.094,-0.587,-1.362,0.000,0.000,0.000,-33.060,-44.348,-0.580
1784225768.800977,9.752,73.888,37.990,-0.257,-0.958,0.074,1.939,-0.508,-1.043,0.000,0.000,0.000,-12.256,-36.624,3.594
1784225769.188625,15.699,78.580,45.431,-0.330,-0.909,0.105,2.170,-0.621,-1.210,0.000,0.000,0.000,-23.793,-44.549,8.167
1784225769.590159,23.706,102.099,54.961,-0.051,-0.967,0.209,2.204,-0.983,-1.045,0.000,1.098,-0.491,0.000,0.000,0.000
1784225769.975193,36.026,128.032,71.873,-0.143,-0.869,0.258,2.668,-0.623,-1.003,0.000,1.326,-0.311,0.000,0.000,0.000
1784225770.355680,76.650,-47.859,-123.299,0.260,0.568,-0.608,0.078,0.508,-2.096,0.000,0.000,0.254,0.000,0.000,0.000
1784225770.745786,129.391,-53.879,-76.239,0.195,0.561,-0.346,-1.342,1.907,-1.329,0.000,-0.670,0.951,0.000,0.000,0.000
1784225771.137509,71.638,-46.657,-87.398,0.193,0.606,-0.534,-0.468,0.704,-1.508,0.000,0.000,0.352,0.000,0.000,0.000
1784225771.523930,61.279,154.726,55.918,0.024,-0.910,0.225,2.158,-0.772,-0.696,0.000,1.075,-0.386,0.000,0.000,0.000
1784225771.930302,104.279,-64.398,-135.584,-0.094,0.399,-0.669,-0.862,1.279,-2.196,0.000,-0.431,0.639,0.000,0.000,0.000
1784225772.319839,64.989,171.951,80.648,0.328,-0.759,0.348,1.449,-1.888,-1.484,0.000,0.723,-0.941,0.000,0.000,0.000
1784225772.696539,56.648,158.295,87.308,-0.038,-0.811,0.429,1.670,-1.761,-0.918,0.000,0.833,-0.878,0.000,0.000,0.000
1784225773.081230,142.473,-63.856,-123.867,0.383,0.604,-0.528,-0.616,1.958,-3.756,0.000,-0.308,0.976,0.000,0.000,0.000
1784225773.482074,61.852,147.652,107.942,0.151,-0.757,0.435,2.027,-1.096,-0.395,0.000,1.010,-0.548,0.000,0.000,0.000
1784225773.865164,80.141,-79.028,-102.628,0.037,0.613,-0.393,-2.207,0.997,-1.188,0.000,-1.099,0.498,0.000,0.000,0.000
1784225774.252019,52.394,115.724,66.246,0.132,-0.773,0.407,1.296,-0.974,-0.625,0.000,0.647,-0.487,0.000,0.000,0.000
1784225774.640570,268.972,-76.898,-71.710,0.174,0.631,-0.401,-0.014,3.121,-2.531,0.000,0.000,1.548,0.000,0.000,0.000
1784225775.027319,208.753,-74.150,-58.984,0.396,0.610,-0.327,-0.083,2.180,-2.560,0.000,0.000,1.086,0.000,0.000,0.000
1784225775.417411,26.418,79.777,24.395,0.158,-0.825,0.262,0.563,-0.836,-0.808,0.000,0.282,-0.418,0.000,0.000,0.000
1784225775.823594,77.738,-127.758,-103.066,-0.000,0.745,-0.417,-1.431,1.029,-2.074,0.000,-0.714,0.514,0.000,0.000,0.000
1784225776.205830,92.933,-79.821,-89.115,0.336,0.706,-0.431,-0.473,3.429,-3.028,0.000,0.000,1.698,0.000,0.000,0.000
1784225776.619292,91.580,-66.059,-92.409,0.368,0.609,-0.413,-1.727,0.797,-2.054,0.000,-0.862,0.398,0.000,0.000,0.000
1784225776.999937,91.036,-77.480,-88.656,0.449,0.678,-0.467,0.517,3.807,-3.194,0.000,0.258,1.881,0.000,0.000,0.000
1784225777.390578,15.382,109.589,25.506,0.013,-0.919,0.281,0.494,-1.187,-2.253,0.000,0.000,-0.593,0.000,0.000,0.000
1784225777.773126,66.621,-49.817,-88.932,0.099,0.703,-0.305,-1.764,0.326,-2.835,0.000,-0.880,0.000,0.000,0.000,0.000
,,,,,, 
1784225778.551289,31.411,151.987,39.711,0.183,-0.833,0.283,1.055,-1.541,-2.989,0.000,0.527,-0.769,0.000,0.000,0.000
1784225778.942355,86.077,-98.546,-47.762,0.005,0.784,-0.321,-0.246,1.469,-3.632,0.000,0.000,0.733,0.000,0.000,0.000
1784225779.338590,64.888,-37.191,-87.376,-0.217,0.607,-0.408,-0.540,0.670,-3.260,0.000,-0.270,0.335,0.000,0.000,0.000
1784225779.714814,69.097,-59.559,-88.402,0.072,0.626,-0.556,0.167,0.635,-3.284,0.000,0.000,0.317,0.000,0.000,0.000
1784225780.095952,198.362,-56.884,-110.448,0.264,0.698,-0.510,0.484,1.263,-6.240,0.000,0.000,0.631,0.000,0.000,0.000
1784225780.475764,98.318,-48.818,-108.303,0.278,0.652,-0.471,-0.278,1.066,-4.504,0.000,0.000,0.532,0.000,0.000,0.000
1784225780.855806,69.670,-67.345,-112.828,0.023,0.581,-0.571,0.077,0.986,-3.804,0.000,0.000,0.493,0.000,0.000,0.000
1784225781.245830,73.913,-60.463,-74.761,0.150,0.695,-0.445,0.012,0.527,-3.870,0.000,0.000,0.264,0.000,0.000,0.000
1784225781.632797,74.070,139.963,109.757,-0.051,-0.509,0.523,2.503,-2.053,-3.397,0.000,1.245,-1.023,0.000,0.000,0.000
1784225782.023445,86.636,-115.722,-57.119,0.163,0.844,-0.365,0.590,0.829,-4.477,0.000,0.295,0.414,0.000,0.000,0.000
,,,,,, 
1784225782.789330,85.612,-30.020,-90.816,-0.056,0.579,-0.456,-1.390,-0.401,-3.969,0.000,-0.694,0.000,0.000,0.000,0.000
1784225783.199328,92.700,-82.233,-115.371,-0.066,0.630,-0.499,-1.409,1.072,-4.742,0.000,-0.704,0.536,0.000,0.000,0.000
1784225783.585383,99.519,-27.713,-80.302,-0.138,0.670,-0.431,-0.979,-0.249,-4.272,0.000,-0.489,0.000,0.000,0.000,0.000
1784225783.967282,104.612,-61.345,-115.260,0.344,0.686,-0.529,0.467,1.652,-5.747,0.000,0.000,0.824,0.000,0.000,0.000
1784225784.358260,88.827,-72.148,-68.297,0.035,0.724,-0.329,-0.985,1.118,-4.072,0.000,-0.492,0.558,0.000,0.000,0.000
1784225784.737757,96.572,-35.806,-94.627,-0.077,0.666,-0.474,-0.322,0.552,-4.517,0.000,0.000,0.276,0.000,0.000,0.000
1784225785.116736,126.012,-56.076,-112.490,0.128,0.707,-0.503,-0.378,0.889,-6.108,0.000,0.000,0.444,0.000,0.000,0.000
1784225785.507925,62.974,-39.093,-107.077,0.000,0.766,-0.488,0.308,-0.774,-5.487,0.000,0.000,-0.387,0.000,0.000,0.000
1784225785.898720,72.462,-6.465,-97.017,0.155,0.702,-0.544,1.198,-0.949,-4.317,0.000,0.598,-0.474,0.000,0.000,0.000
1784225786.286102,85.022,-17.755,-47.295,0.178,0.785,-0.383,1.000,0.946,-5.596,0.000,0.499,0.473,0.000,0.000,0.000
,,,,,, 
1784225787.067621,97.830,-71.255,-92.692,0.044,0.758,-0.357,-0.348,1.441,-4.552,0.000,0.000,0.719,0.000,0.000,0.000
1784225787.452720,138.212,-36.338,-106.367,0.315,0.638,-0.460,1.573,3.010,-6.253,0.000,0.785,1.494,0.000,0.000,0.000
1784225787.844375,65.098,-11.028,-86.915,0.197,0.690,-0.526,0.720,1.419,-5.404,0.000,0.360,0.708,0.000,0.000,0.000
1784225788.227987,72.620,-17.717,-125.740,0.201,0.564,-0.598,0.043,1.438,-5.626,0.000,0.000,0.718,0.000,0.000,0.000
1784225788.612064,158.250,-6.623,-129.385,0.237,0.574,-0.651,0.773,0.907,-7.688,0.000,0.386,0.453,0.000,0.000,0.000
1784225788.998646,140.542,33.495,-101.432,0.097,0.504,-0.687,1.977,-0.919,-6.889,0.000,0.985,-0.459,0.000,0.000,0.000
1784225789.378578,85.707,-18.100,-85.503,0.130,0.719,-0.370,-1.058,-0.165,-6.425,0.000,-0.529,0.000,0.000,0.000,0.000
,,,,,, 
1784225790.154844,81.809,-29.335,-108.484,0.055,0.703,-0.491,-1.211,-0.030,-6.753,0.000,-0.605,0.000,0.000,0.000,0.000
1784225790.553516,105.940,-31.810,-109.617,0.033,0.695,-0.396,-1.510,1.678,-6.477,0.000,-0.754,0.837,0.000,0.000,0.000
1784225790.928538,39.468,253.177,35.453,-0.114,-0.935,0.180,0.744,-3.353,-6.158,0.000,0.372,-1.661,0.000,0.000,0.000
1784225791.303829,67.464,25.315,-123.862,0.113,0.619,-0.637,0.285,-1.088,-6.342,0.000,0.000,-0.544,0.000,0.000,0.000
1784225791.681744,117.711,-66.223,-92.771,0.169,0.744,-0.367,-1.047,1.464,-6.691,0.000,-0.523,0.731,0.000,0.000,0.000
,,,,,, 
1784225792.454457,89.135,0.198,-82.444,0.416,0.679,-0.479,1.189,1.584,-6.929,0.000,0.594,0.790,0.000,0.000,0.000
1784225792.831833,94.264,-1.672,-113.709,0.152,0.485,-0.550,-1.476,-0.047,-5.768,0.000,-0.737,0.000,0.000,0.000,0.000
1784225793.216897,89.467,-28.647,-130.042,0.156,0.666,-0.539,-0.854,1.130,-7.353,0.000,-0.427,0.565,0.000,0.000,0.000
,,,,,, 
,,,,,, 
1784225794.367880,94.343,0.028,-147.414,0.230,0.537,-0.621,-0.563,-0.396,-7.617,0.000,-0.281,0.000,0.000,0.000,0.000
1784225794.746641,92.020,14.089,-106.704,0.292,0.633,-0.587,2.161,0.683,-8.059,0.000,1.076,0.341,0.000,0.000,0.000
1784225795.134137,105.026,18.218,-103.085,0.119,0.513,-0.531,-0.927,-1.255,-7.266,0.000,-0.463,-0.627,0.000,0.000,0.000
1784225795.513193,155.531,13.264,-94.191,0.077,0.643,-0.425,-0.074,1.522,-7.396,0.000,0.000,0.759,0.000,0.000,0.000
1784225795.900696,36.675,253.822,35.613,0.282,-0.802,0.207,1.693,-3.518,-7.325,0.000,0.845,-1.741,0.000,0.000,0.000
1784225796.284083,75.432,10.212,-77.321,0.079,0.807,-0.384,0.319,-1.218,-7.019,0.000,0.000,-0.608,0.000,0.000,0.000
1784225796.665393,71.853,23.987,-76.422,-0.001,0.684,-0.568,1.481,-0.255,-7.255,0.000,0.739,0.000,0.000,0.000,0.000
,,,,,, 
1784225797.427027,80.213,-16.264,-84.042,0.230,0.709,-0.442,1.125,0.419,-5.919,0.000,0.562,0.000,0.000,0.000,0.000
1784225797.819603,235.611,30.856,-60.464,0.408,0.534,-0.383,0.582,0.866,-7.340,0.000,0.291,0.433,0.000,0.000,0.000
1784225798.202977,89.497,15.647,-101.783,0.127,0.662,-0.494,-0.533,0.242,-7.237,0.000,-0.266,0.000,0.000,0.000,0.000
1784225798.588328,37.355,192.896,58.363,0.051,-0.425,0.477,0.884,-2.283,-6.686,0.000,0.441,-1.137,0.000,0.000,0.000
1784225798.978319,122.607,-14.711,-110.006,0.011,0.619,-0.610,0.285,0.853,-7.346,0.000,0.000,0.426,0.000,0.000,0.000
