img_ts,send_ts,dt_ms,px_error,w_x,w_y,w_z,v_x,v_y,v_z
1777066187.159069,1777066187.680633,521.564,100.000,0.000,0.000,0.000,-24.870,25.000,13.756
1777066188.683136,1777066189.172644,489.507,100.000,0.000,0.000,0.000,-37.434,-12.272,30.743
1777066189.174044,1777066189.666256,492.213,100.000,0.000,0.000,0.000,-43.717,18.864,40.358
1777066189.667709,1777066190.168010,500.300,100.000,0.000,0.000,0.000,-46.858,34.432,45.090
1777066190.668980,1777066191.153127,484.147,100.000,0.000,0.000,0.000,-48.429,-7.731,33.565
1777066191.154390,1777066191.649181,494.791,100.000,0.000,0.000,0.000,-49.215,21.134,41.752
1777066191.650394,1777066192.133965,483.571,236.107,0.000,0.000,0.000,-49.607,35.567,45.719
1777066192.620426,1777066193.091282,470.856,300.074,0.000,0.000,0.000,-49.804,42.784,47.092
1777066193.569717,1777066194.032694,462.978,431.122,0.000,0.000,0.000,-49.901,3.557,48.003
1777066195.509216,1777066195.992526,483.310,599.702,0.000,0.000,0.000,-49.951,25.684,48.994
1777066197.974795,1777066198.544797,570.002,7042.742,0.000,0.000,0.000,-49.975,37.842,48.875
1777066198.546152,1777066199.022336,476.184,7045.446,0.000,0.000,0.000,-49.987,43.921,49.288
1777066199.996441,1777066200.480291,483.850,7012.045,0.000,0.000,0.000,-49.968,46.960,47.939
1777066200.481570,1777066200.961779,480.210,7013.351,0.000,0.000,0.000,-49.984,48.480,48.938
1777066201.919157,1777066202.405984,486.827,7040.186,0.000,0.000,0.000,-49.988,49.240,46.756
1777066202.407166,1777066202.893656,486.490,397.681,0.000,0.000,0.000,-49.994,49.511,48.074
1777066202.894979,1777066203.367766,472.786,401.583,0.000,0.000,0.000,-49.971,49.755,47.403
1777066203.838062,1777066204.313811,475.749,401.031,0.000,0.000,0.000,-49.984,49.878,48.490
1777066204.801128,1777066205.276178,475.050,324.596,0.000,0.000,0.000,-49.992,49.939,48.757
1777066205.277621,1777066205.748198,470.576,330.121,0.000,0.000,0.000,-49.972,49.969,49.240
,,,,,, 
1777066206.220265,1777066206.710305,490.040,226.208,8.081,-9.547,0.000,0.000,0.000,0.000
1777066206.712525,1777066207.180335,467.811,227.909,8.095,-9.513,0.000,0.000,0.000,0.000
1777066207.182259,1777066207.651899,469.640,227.698,8.154,-9.562,0.000,0.000,0.000,0.000
1777066207.653136,1777066208.114959,461.823,230.289,8.058,-9.632,0.000,0.000,0.000,0.000
1777066208.116620,1777066208.600316,483.696,213.640,8.224,-9.549,0.000,0.000,0.000,0.000
1777066208.601723,1777066209.079157,477.433,212.823,7.982,-9.164,0.000,0.000,0.000,0.000
1777066209.080236,1777066209.560607,480.371,136.594,7.841,-9.381,0.000,0.000,0.000,0.000
1777066209.562265,1777066210.043044,480.779,134.647,7.702,-9.440,0.000,0.000,0.000,0.000
1777066210.509415,1777066210.992981,483.566,154.669,7.503,-9.396,0.000,0.000,0.000,0.000
1777066211.480413,1777066211.951987,471.574,181.819,7.168,-9.343,0.000,0.000,0.000,0.000
1777066212.886050,1777066213.370181,484.131,238.022,6.637,-9.185,0.000,0.000,0.000,0.000
1777066213.371439,1777066213.847667,476.227,229.999,6.374,-9.116,0.000,0.000,0.000,0.000
1777066213.849080,1777066214.339418,490.339,232.041,6.265,-9.000,0.000,0.000,0.000,0.000
1777066214.341165,1777066214.798565,457.400,226.399,6.055,-8.929,0.000,0.000,0.000,0.000
1777066214.799799,1777066215.263274,463.474,190.920,5.952,-8.946,0.000,0.000,0.000,0.000
1777066215.264562,1777066215.747619,483.057,192.597,5.916,-8.965,0.000,0.000,0.000,0.000
1777066215.748784,1777066216.251179,502.395,161.945,5.761,-8.918,0.000,0.000,0.000,0.000
1777066216.252683,1777066216.770717,518.035,155.392,5.596,-8.817,0.000,0.000,0.000,0.000
1777066217.717221,1777066218.202599,485.379,154.779,5.045,-8.515,0.000,0.000,0.000,0.000
1777066218.203839,1777066218.673050,469.211,153.487,4.772,-8.331,0.000,0.000,0.000,0.000
1777066218.674528,1777066219.154384,479.856,145.293,4.506,-8.126,0.000,0.000,0.000,0.000
1777066219.155611,1777066219.604450,448.839,144.627,4.261,-7.884,0.000,0.000,0.000,0.000
1777066219.605636,1777066220.079484,473.848,149.777,4.042,-8.049,0.000,0.000,0.000,0.000
1777066220.080658,1777066220.504420,423.761,141.852,3.935,-7.805,0.000,0.000,0.000,0.000
1777066220.505625,1777066220.967004,461.379,137.810,3.898,-7.767,0.000,0.000,0.000,0.000
1777066220.968282,1777066221.412796,444.514,143.192,3.745,-7.679,0.000,0.000,0.000,0.000
1777066221.414156,1777066221.825273,411.117,118.608,3.613,-7.551,0.000,0.000,0.000,0.000
1777066221.826599,1777066222.224820,398.221,67.514,3.372,-7.335,0.000,0.000,0.000,0.000
1777066222.226073,1777066222.640603,414.530,65.961,3.220,-7.164,0.000,0.000,0.000,0.000
1777066222.641889,1777066223.074918,433.029,63.415,3.096,-6.967,0.000,0.000,0.000,0.000
1777066223.077062,1777066223.480670,403.608,57.784,2.974,-6.750,0.000,0.000,0.000,0.000
1777066223.481905,1777066223.882955,401.049,59.681,2.802,-6.573,0.000,0.000,0.000,0.000
1777066223.884632,1777066224.268697,384.065,51.841,2.694,-6.288,0.000,0.000,0.000,0.000
1777066224.270147,1777066224.653260,383.112,50.221,2.539,-6.078,0.000,0.000,0.000,0.000
1777066224.654606,1777066225.052877,398.272,45.074,2.423,-5.811,0.000,0.000,0.000,0.000
1777066225.054158,1777066225.436232,382.074,34.609,2.221,-5.542,0.000,0.000,0.000,0.000
1777066225.437800,1777066225.818588,380.789,31.439,2.072,-5.332,0.000,0.000,0.000,0.000
1777066225.819872,1777066226.215584,395.712,29.784,1.990,-5.169,0.000,0.000,0.000,0.000
1777066226.217042,1777066226.603213,386.171,30.846,1.876,-4.977,0.000,0.000,0.000,0.000
1777066226.604771,1777066227.006063,401.293,29.748,1.771,-4.834,0.000,0.000,0.000,0.000
1777066227.007236,1777066227.438909,431.673,31.439,1.676,-4.564,0.000,0.000,0.000,0.000
,,,,,, 
1777066227.829164,1777066228.203166,374.002,28.604,0.000,0.000,0.000,47.433,-47.392,-29.458
1777066228.204231,1777066228.586078,381.847,28.140,0.000,0.000,0.000,47.407,-47.715,-28.655
1777066228.587207,1777066228.975439,388.232,29.323,0.000,0.000,0.000,48.017,-48.616,-31.741
1777066228.976849,1777066229.348523,371.674,28.307,0.000,0.000,0.000,41.995,-43.378,-24.953
1777066229.349654,1777066229.746572,396.918,28.754,0.000,0.000,0.000,43.934,-45.175,-25.487
1777066229.747878,1777066230.128173,380.295,31.712,0.000,0.000,0.000,46.900,-47.578,-22.899
1777066230.129483,1777066230.535327,405.843,30.831,0.000,0.000,0.000,47.770,-48.499,-26.476
1777066230.536684,1777066230.923065,386.381,29.837,0.000,0.000,0.000,45.041,-44.594,-23.266
1777066230.924582,1777066231.311734,387.151,27.459,0.000,0.000,0.000,40.467,-43.723,-20.749
1777066231.313140,1777066231.693073,379.932,27.792,0.000,0.000,0.000,44.522,-45.812,-26.279
1777066231.694390,1777066232.082338,387.948,26.228,0.000,0.000,0.000,36.434,-38.406,-20.798
1777066232.083882,1777066232.466904,383.023,25.717,0.000,0.000,0.000,41.396,-41.444,-21.942
1777066232.468509,1777066232.849357,380.849,25.999,0.000,0.000,0.000,44.836,-45.623,-28.105
1777066232.850736,1777066233.225821,375.085,26.682,0.000,0.000,0.000,44.124,-45.556,-25.996
1777066233.227089,1777066233.612133,385.045,26.258,0.000,0.000,0.000,41.954,-45.829,-23.441
1777066233.613296,1777066234.008334,395.039,30.431,0.000,0.000,0.000,45.977,2.085,-36.386
1777066234.009631,1777066234.403518,393.888,34.676,0.000,0.000,0.000,47.988,-23.951,-42.687
1777066234.404891,1777066234.785167,380.276,34.013,0.000,0.000,0.000,36.207,-29.776,-28.069
1777066234.786426,1777066235.164879,378.453,35.022,0.000,0.000,0.000,38.080,-39.430,-3.700
1777066235.166104,1777066235.577435,411.331,35.540,0.000,0.000,0.000,37.891,-44.629,17.236
1777066235.578669,1777066236.103706,525.038,36.509,0.000,0.000,0.000,32.922,-46.081,18.490
1777066236.105089,1777066236.528499,423.410,39.361,0.000,0.000,0.000,41.443,1.642,-14.645
1777066236.530422,1777066236.940486,410.064,38.700,0.000,0.000,0.000,38.437,-24.027,9.955
1777066236.941762,1777066237.335074,393.312,39.838,0.000,0.000,0.000,24.896,-36.845,27.605
,,,,,, 
1777066237.725003,1777066238.104199,379.196,37.585,1.282,-3.243,0.000,0.000,0.000,0.000
1777066238.105419,1777066238.482132,376.713,31.856,1.331,-3.046,0.000,0.000,0.000,0.000
1777066238.483751,1777066238.869606,385.855,33.149,1.328,-3.266,0.000,0.000,0.000,0.000
1777066238.871198,1777066239.266146,394.948,34.115,1.156,-3.106,0.000,0.000,0.000,0.000
1777066239.267321,1777066239.649400,382.079,32.819,1.055,-2.961,0.000,0.000,0.000,0.000
1777066239.650518,1777066240.024700,374.181,33.610,1.179,-3.256,0.000,0.000,0.000,0.000
1777066240.026339,1777066240.413483,387.145,31.053,1.209,-3.267,0.000,0.000,0.000,0.000
1777066240.414863,1777066240.801713,386.849,31.816,1.133,-2.946,0.000,0.000,0.000,0.000
1777066240.802856,1777066241.187562,384.705,31.190,1.132,-2.968,0.000,0.000,0.000,0.000
1777066241.188930,1777066241.585273,396.343,28.520,1.097,-2.933,0.000,0.000,0.000,0.000
1777066241.586523,1777066241.963802,377.279,28.968,1.051,-2.762,0.000,0.000,0.000,0.000
,,,,,, 
1777066242.349667,1777066242.748232,398.565,31.403,0.000,0.000,0.000,-20.138,-48.865,42.742
1777066242.749596,1777066243.144752,395.155,29.436,0.000,0.000,0.000,-11.372,-46.950,35.982
1777066243.146190,1777066243.524574,378.384,28.473,0.000,0.000,0.000,-24.231,-37.969,26.708
1777066243.525810,1777066243.919343,393.533,27.462,0.000,0.000,0.000,-33.248,-39.359,25.592
1777066243.920486,1777066244.297308,376.822,28.020,0.000,0.000,0.000,-20.133,-44.478,34.727
1777066244.299026,1777066244.683934,384.908,26.042,0.000,0.000,0.000,-12.937,-45.606,35.461
1777066244.685107,1777066245.113525,428.418,27.903,0.000,0.000,0.000,-24.212,-47.776,42.143
1777066245.115330,1777066245.596408,481.077,28.434,0.000,0.000,0.000,-14.574,-48.625,42.109
1777066245.598351,1777066246.013155,414.804,26.306,0.000,0.000,0.000,-16.003,-48.858,40.645
1777066246.014196,1777066246.403988,389.792,25.507,0.000,0.000,0.000,-11.099,-45.609,36.468
1777066246.406251,1777066246.804244,397.993,25.730,0.000,0.000,0.000,-27.386,-47.798,24.038
1777066246.805466,1777066247.200245,394.778,27.622,0.000,0.000,0.000,-32.932,-48.771,34.869
1777066247.201392,1777066247.599715,398.323,27.915,0.000,0.000,0.000,-36.707,-42.398,27.647
1777066247.600973,1777066247.994421,393.448,29.330,0.000,0.000,0.000,-40.098,-45.803,36.826
1777066247.995664,1777066248.382872,387.208,28.320,0.000,0.000,0.000,-32.153,-46.530,36.326
1777066248.383960,1777066248.766779,382.819,27.522,0.000,0.000,0.000,-32.771,-35.841,31.002
1777066248.768297,1777066249.149043,380.745,24.882,0.000,0.000,0.000,-36.132,-40.162,24.834
1777066249.150550,1777066249.543089,392.540,23.824,0.000,0.000,0.000,-39.049,-40.578,28.227
1777066249.544368,1777066249.934593,390.225,22.515,0.000,0.000,0.000,-36.955,-38.120,22.418
1777066249.935872,1777066250.320920,385.049,22.620,0.000,0.000,0.000,-38.955,-38.087,20.322
1777066250.322290,1777066250.695531,373.242,18.857,0.000,0.000,0.000,-34.576,-31.591,16.714
1777066250.696719,1777066251.069101,372.381,16.032,0.000,0.000,0.000,-30.835,-20.503,14.775
1777066251.070504,1777066251.453521,383.017,15.569,0.000,0.000,0.000,-30.567,-25.849,13.825
1777066251.457540,1777066251.843728,386.188,12.992,0.000,0.000,0.000,-25.994,-21.522,11.101
1777066251.844835,1777066252.229691,384.856,11.812,0.000,0.000,0.000,-28.754,-20.865,11.154
1777066252.230845,1777066252.606078,375.233,11.338,0.000,0.000,0.000,-28.361,-14.462,7.689
1777066252.607251,1777066252.982971,375.720,10.351,0.000,0.000,0.000,-30.659,-10.546,9.483
1777066252.984660,1777066253.369235,384.575,9.478,0.000,0.000,0.000,-33.291,-3.443,12.655
1777066253.370731,1777066253.743204,372.473,10.197,0.000,0.000,0.000,-40.727,-7.618,2.953
1777066253.744716,1777066254.112888,368.172,9.959,0.000,0.000,0.000,-41.740,3.354,7.948
1777066254.114136,1777066254.492723,378.587,11.113,0.000,0.000,0.000,-45.063,9.204,-0.049
1777066254.493790,1777066254.867748,373.958,12.154,0.000,0.000,0.000,-45.967,0.774,3.627
1777066254.869114,1777066255.251667,382.554,13.146,0.000,0.000,0.000,-47.039,11.448,-2.663
1777066255.252830,1777066255.622990,370.160,14.030,0.000,0.000,0.000,-45.551,18.359,-1.929
1777066255.625061,1777066256.015107,390.046,16.652,0.000,0.000,0.000,-47.631,32.820,-17.129
1777066256.016306,1777066256.414204,397.898,18.430,0.000,0.000,0.000,-48.310,32.781,-14.682
1777066256.415447,1777066256.791440,375.993,23.141,0.000,0.000,0.000,-49.146,41.310,-29.645
1777066256.792658,1777066257.180402,387.744,25.840,0.000,0.000,0.000,-49.528,4.529,-30.358
1777066257.181728,1777066257.586983,405.256,26.569,0.000,0.000,0.000,-49.261,24.819,-19.231
1777066257.588809,1777066257.973035,384.225,26.869,0.000,0.000,0.000,-47.277,4.532,2.939
1777066257.975167,1777066258.389463,414.296,26.846,0.000,0.000,0.000,-44.664,25.286,12.111
1777066258.390829,1777066258.786706,395.877,26.876,0.000,0.000,0.000,-44.395,31.410,17.099
1777066258.787858,1777066259.146712,358.854,35.753,0.000,0.000,0.000,-47.139,40.705,-16.446
1777066259.148345,1777066259.524675,376.330,36.208,0.000,0.000,0.000,-46.994,32.892,7.474
1777066259.525877,1777066259.893436,367.560,37.490,0.000,0.000,0.000,-48.479,-8.005,26.174
1777066259.894527,1777066260.255483,360.957,37.138,0.000,0.000,0.000,-47.340,16.888,25.105
1777066260.256545,1777066260.614486,357.941,33.682,0.000,0.000,0.000,-47.499,18.236,29.786
1777066260.615564,1777066260.964304,348.740,34.717,0.000,0.000,0.000,-48.586,34.073,36.181
1777066260.965462,1777066261.316502,351.039,37.124,0.000,0.000,0.000,-49.268,-6.401,42.969
1777066261.317572,1777066261.666831,349.259,37.348,0.000,0.000,0.000,-47.477,13.636,35.309
1777066262.024329,1777066262.389530,365.201,72.092,0.000,0.000,0.000,-0.404,31.818,-7.332
1777066262.390574,1777066262.747098,356.524,65.014,0.000,0.000,0.000,-25.111,-2.868,20.351
1777066262.748810,1777066263.109402,360.592,65.737,0.000,0.000,0.000,-36.756,21.087,27.225
1777066263.110771,1777066263.489442,378.671,66.554,0.000,0.000,0.000,-42.623,35.542,34.420
1777066263.490609,1777066263.872446,381.837,69.060,0.000,0.000,0.000,-46.303,-4.501,12.801
1777066263.873666,1777066264.264142,390.476,71.775,0.000,0.000,0.000,1.198,22.676,-18.411
1777066264.265431,1777066264.653666,388.235,76.965,0.000,0.000,0.000,25.599,36.336,-34.204
1777066264.654782,1777066265.025584,370.802,78.257,0.000,0.000,0.000,12.800,42.903,-42.092
1777066265.027131,1777066265.421576,394.445,83.087,0.000,0.000,0.000,6.400,46.316,-46.034
1777066265.815624,1777066266.235796,420.172,81.954,0.000,0.000,0.000,3.200,48.018,-48.017
1777066266.237695,1777066266.657791,420.096,96.265,0.000,0.000,0.000,1.600,49.009,-49.009
1777066267.488081,1777066267.879064,390.983,341.899,0.000,0.000,0.000,0.800,49.475,-49.504
1777066267.880181,1777066268.271754,391.573,347.866,0.000,0.000,0.000,0.400,49.536,-49.752
1777066268.272839,1777066268.660681,387.842,346.884,0.000,0.000,0.000,25.200,49.040,-49.876
1777066268.662179,1777066269.054462,392.284,344.292,0.000,0.000,0.000,37.418,44.690,-49.509
1777066269.055853,1777066269.447785,391.931,339.850,0.000,0.000,0.000,42.020,33.677,-46.962
1777066269.449147,1777066269.837702,388.555,316.255,0.000,0.000,0.000,42.920,25.947,-43.480
1777066269.840696,1777066270.227264,386.568,321.031,0.000,0.000,0.000,46.460,37.357,-46.740
1777066270.228739,1777066270.621919,393.180,305.863,0.000,0.000,0.000,47.536,36.079,-47.269
1777066270.624279,1777066271.006441,382.163,206.098,0.000,0.000,0.000,48.194,34.017,-48.202
1777066271.409828,1777066271.800648,390.820,131.774,0.000,0.000,0.000,44.851,22.378,-40.882
1777066271.801897,1777066272.177417,375.520,123.851,0.000,0.000,0.000,46.707,28.976,-43.790
1777066272.179264,1777066272.567243,387.979,116.746,0.000,0.000,0.000,46.300,17.561,-39.413
1777066272.568426,1777066272.954437,386.011,114.226,0.000,0.000,0.000,43.153,15.324,-34.629
1777066272.956444,1777066273.339994,383.550,113.452,0.000,0.000,0.000,42.858,11.644,-33.114
1777066273.341331,1777066273.732901,391.570,113.425,0.000,0.000,0.000,44.256,6.796,-33.763
1777066273.734024,1777066274.115311,381.287,97.894,0.000,0.000,0.000,42.329,4.977,-31.031
1777066274.116551,1777066274.493744,377.194,96.186,0.000,0.000,0.000,41.237,6.640,-29.003
1777066274.494815,1777066274.897056,402.242,94.025,0.000,0.000,0.000,40.013,-0.107,-26.974
1777066274.898325,1777066275.293227,394.902,16.003,0.000,0.000,0.000,42.273,-0.195,-28.736
1777066275.294282,1777066275.684167,389.884,15.285,0.000,0.000,0.000,35.602,-0.645,-22.336
1777066275.685893,1777066276.066895,381.002,13.261,0.000,0.000,0.000,33.527,-0.044,-19.881
1777066276.068425,1777066276.450495,382.070,13.253,0.000,0.000,0.000,39.901,3.514,-25.768
1777066276.452169,1777066276.829701,377.532,13.187,0.000,0.000,0.000,40.386,0.607,-24.663
1777066276.831147,1777066277.220439,389.292,12.572,0.000,0.000,0.000,36.676,1.177,-20.283
1777066277.221862,1777066277.606128,384.266,12.306,0.000,0.000,0.000,40.425,-0.163,-22.593
1777066277.608238,1777066277.986547,378.308,11.558,0.000,0.000,0.000,31.759,-1.873,-16.434
1777066277.988677,1777066278.377516,388.839,21.528,0.000,0.000,0.000,40.879,-24.925,-33.205
1777066278.379138,1777066278.767038,387.901,21.195,0.000,0.000,0.000,36.796,-14.252,-24.192
1777066278.769797,1777066279.151709,381.912,27.204,0.000,0.000,0.000,43.398,-28.909,-36.897
1777066279.153620,1777066279.540792,387.173,27.573,0.000,0.000,0.000,41.301,-16.909,-26.130
1777066279.542333,1777066279.924060,381.727,28.067,0.000,0.000,0.000,41.703,-14.370,-22.885
1777066279.930367,1777066280.318930,388.563,29.775,0.000,0.000,0.000,45.778,-18.670,-32.092
1777066280.320832,1777066280.697336,376.503,31.902,0.000,0.000,0.000,47.789,-21.754,-37.084
1777066280.698564,1777066281.075576,377.012,34.780,0.000,0.000,0.000,48.845,-27.278,-39.268
1777066281.076616,1777066281.460608,383.992,35.027,0.000,0.000,0.000,47.581,-20.426,-32.043
1777066281.461746,1777066281.845120,383.374,35.457,0.000,0.000,0.000,41.987,-13.920,-22.753
1777066281.846727,1777066282.229844,383.116,26.018,0.000,0.000,0.000,44.242,-17.395,-23.892
1777066282.231432,1777066282.613667,382.235,26.378,0.000,0.000,0.000,42.568,-15.167,-18.026
1777066282.615340,1777066282.993297,377.956,23.079,0.000,0.000,0.000,46.265,-27.909,-30.401
1777066282.995295,1777066283.374767,379.472,23.153,0.000,0.000,0.000,43.414,-20.566,-20.282
1777066283.376704,1777066283.765175,388.471,25.856,0.000,0.000,0.000,46.683,-29.785,-24.701
1777066283.766528,1777066284.147812,381.284,24.612,0.000,0.000,0.000,47.700,-27.573,-19.143
1777066284.150207,1777066284.551524,401.318,24.115,0.000,0.000,0.000,48.630,-29.857,-23.645
1777066284.553654,1777066284.931626,377.972,29.986,0.000,0.000,0.000,49.315,-39.715,-28.586
1777066284.932763,1777066285.305018,372.255,29.775,0.000,0.000,0.000,47.099,-30.500,-16.305
1777066285.306556,1777066285.682298,375.743,33.186,0.000,0.000,0.000,48.535,-37.032,-25.437
1777066285.684575,1777066286.076645,392.071,33.602,0.000,0.000,0.000,48.509,-34.460,-13.415
1777066286.078777,1777066286.458903,380.126,35.831,0.000,0.000,0.000,49.186,-35.964,-8.365
1777066286.460192,1777066286.859365,399.173,36.861,0.000,0.000,0.000,49.591,-41.866,-0.378
1777066286.860662,1777066287.248541,387.879,37.918,0.000,0.000,0.000,48.946,-39.021,5.483
1777066287.250160,1777066287.628491,378.331,39.557,0.000,0.000,0.000,49.470,-43.818,26.679
1777066287.629624,1777066288.009207,379.583,41.989,0.000,0.000,0.000,49.725,-45.433,30.043
1777066288.010263,1777066288.397243,386.980,45.878,0.000,0.000,0.000,49.862,-47.524,32.141
1777066288.784038,1777066289.180698,396.660,145.481,0.000,0.000,0.000,49.924,-47.713,33.659
1777066289.181870,1777066289.577816,395.946,144.380,0.000,0.000,0.000,49.813,-46.343,26.771
1777066289.579262,1777066289.957291,378.028,145.785,0.000,0.000,0.000,49.749,-47.287,31.383
1777066289.958496,1777066290.347939,389.443,145.907,0.000,0.000,0.000,49.608,0.746,-3.302
1777066290.349257,1777066290.731519,382.262,149.997,0.000,0.000,0.000,49.804,-24.625,22.847
1777066291.107915,1777066291.493373,385.458,277.183,0.000,0.000,0.000,49.902,-37.313,36.423
1777066291.494981,1777066291.866655,371.674,279.013,0.000,0.000,0.000,49.937,-43.644,43.076
1777066291.867838,1777066292.258234,390.396,278.032,0.000,0.000,0.000,49.791,-46.795,46.480
1777066292.261111,1777066292.648781,387.670,188.578,0.000,0.000,0.000,49.896,-48.398,48.239
1777066292.650720,1777066293.025064,374.344,195.830,0.000,0.000,0.000,49.948,-49.199,49.119
1777066293.409464,1777066293.794370,384.906,295.077,0.000,0.000,0.000,49.953,-49.544,2.145
1777066294.965633,1777066295.352740,387.106,211.540,0.000,0.000,0.000,47.415,-48.877,-11.710
1777066295.751858,1777066296.128140,376.281,223.570,0.000,0.000,0.000,18.401,-49.162,10.570
1777066296.130306,1777066296.514121,383.815,208.975,0.000,0.000,0.000,-12.452,-44.292,19.515
1777066296.515612,1777066296.896265,380.652,207.779,0.000,0.000,0.000,18.774,-47.146,-15.129
1777066296.898176,1777066297.290189,392.013,118.509,0.000,0.000,0.000,34.387,-48.573,-32.452
1777066297.291994,1777066297.665524,373.530,117.330,0.000,0.000,0.000,0.228,-49.250,7.789
1777066297.666772,1777066298.046144,379.373,98.659,0.000,0.000,0.000,0.114,-44.304,-9.609
1777066298.047781,1777066298.424611,376.830,80.980,0.000,0.000,0.000,0.057,-44.793,13.851
1777066298.426555,1777066298.807297,380.742,63.625,0.000,0.000,0.000,0.029,-47.272,31.433
1777066298.808705,1777066299.197252,388.547,63.674,0.000,0.000,0.000,0.014,-47.512,38.335
1777066299.199022,1777066299.585783,386.761,45.142,0.000,0.000,0.000,0.007,-47.968,42.842
1777066299.587068,1777066299.972413,385.345,44.712,0.000,0.000,0.000,0.004,-37.929,43.547
1777066299.973711,1777066300.363305,389.594,45.630,0.000,0.000,0.000,0.002,-41.019,45.784
1777066300.365254,1777066300.747967,382.713,36.750,0.000,0.000,0.000,0.001,-13.340,40.871
1777066300.749106,1777066301.120886,371.779,27.569,0.000,0.000,0.000,-23.900,-15.022,42.158
1777066301.121995,1777066301.501395,379.400,25.481,0.000,0.000,0.000,-34.492,-21.131,42.949
1777066301.502766,1777066301.884687,381.921,24.439,0.000,0.000,0.000,-33.917,-13.064,31.653
1777066301.885886,1777066302.274620,388.734,23.514,0.000,0.000,0.000,-36.028,-11.709,30.229
1777066302.275877,1777066302.664069,388.192,20.306,0.000,0.000,0.000,-36.114,-10.295,21.509
1777066302.665169,1777066303.044191,379.022,18.389,0.000,0.000,0.000,-32.052,-7.480,15.973
1777066303.045409,1777066303.433642,388.233,15.889,0.000,0.000,0.000,-28.581,-5.458,13.143
1777066303.435539,1777066303.834763,399.224,14.575,0.000,0.000,0.000,-32.549,-4.841,13.533
1777066303.836246,1777066304.225444,389.198,13.125,0.000,0.000,0.000,-37.135,-6.748,16.528
1777066304.227016,1777066304.617353,390.337,11.738,0.000,0.000,0.000,-32.762,-1.358,11.935
1777066304.618657,1777066304.993289,374.631,10.971,0.000,0.000,0.000,-38.947,5.165,16.784
1777066304.994632,1777066305.386326,391.694,9.978,0.000,0.000,0.000,-39.350,7.027,10.721
1777066305.387512,1777066305.787995,400.483,10.063,0.000,0.000,0.000,-38.554,7.917,7.590
1777066305.789562,1777066306.171734,382.172,10.377,0.000,0.000,0.000,-41.720,12.094,11.342
1777066306.172851,1777066306.550234,377.383,10.831,0.000,0.000,0.000,-42.922,13.780,4.882
1777066306.551356,1777066306.939351,387.995,11.104,0.000,0.000,0.000,-38.852,15.918,5.437
1777066306.940429,1777066307.312595,372.166,12.298,0.000,0.000,0.000,-42.670,22.162,7.639
1777066307.314127,1777066307.695680,381.553,13.034,0.000,0.000,0.000,-44.451,23.206,7.720
1777066307.697153,1777066308.076779,379.626,13.929,0.000,0.000,0.000,-46.285,28.167,-6.722
1777066308.078691,1777066308.464211,385.520,15.263,0.000,0.000,0.000,-46.848,30.710,2.828
1777066308.465380,1777066308.857226,391.846,15.504,0.000,0.000,0.000,-46.510,32.431,2.543
1777066308.858426,1777066309.234611,376.185,16.772,0.000,0.000,0.000,-47.453,36.835,-1.883
1777066309.235883,1777066309.628843,392.960,17.537,0.000,0.000,0.000,-46.378,36.354,4.812
1777066309.630024,1777066310.074946,444.922,17.343,0.000,0.000,0.000,-43.289,32.625,10.736
1777066310.077692,1777066310.548806,471.114,17.838,0.000,0.000,0.000,-44.219,37.198,7.991
1777066310.550946,1777066311.009352,458.406,19.723,0.000,0.000,0.000,-46.307,42.306,-11.117
1777066311.010697,1777066311.425803,415.106,19.590,0.000,0.000,0.000,-44.515,40.218,2.736
1777066311.427181,1777066311.823850,396.669,25.681,0.000,0.000,0.000,-44.627,45.109,-23.626
1777066311.825071,1777066312.219164,394.094,38.522,0.000,0.000,0.000,-44.681,47.554,-36.813
1777066312.220301,1777066312.607910,387.609,51.183,0.000,0.000,0.000,-41.058,48.777,-43.406
1777066312.609422,1777066312.995719,386.297,57.547,0.000,0.000,0.000,-2.911,49.388,-46.702
1777066313.777584,1777066314.178272,400.689,183.327,0.000,0.000,0.000,23.373,49.023,-48.046
1777066314.179783,1777066314.568853,389.069,186.549,0.000,0.000,0.000,36.630,48.618,-48.955
1777066314.570307,1777066314.956881,386.574,190.106,0.000,0.000,0.000,18.315,49.209,-49.465
1777066315.753579,1777066316.135134,381.554,283.601,0.000,0.000,0.000,9.158,39.699,-48.892
1777066316.136832,1777066316.520409,383.577,271.206,0.000,0.000,0.000,4.579,30.009,-43.983
1777066316.522863,1777066316.911387,388.524,270.303,0.000,0.000,0.000,2.289,39.653,-46.860
1777066316.912907,1777066317.292852,379.945,166.778,0.000,0.000,0.000,1.145,13.907,-46.486
1777066317.294232,1777066317.686307,392.075,153.646,0.000,0.000,0.000,25.572,25.773,-47.796
1777066317.688216,1777066318.073223,385.007,155.895,0.000,0.000,0.000,37.786,28.263,-48.521
1777066318.075465,1777066318.458078,382.613,152.410,0.000,0.000,0.000,41.840,16.942,-35.706
1777066318.459884,1777066318.864071,404.187,150.235,0.000,0.000,0.000,45.901,17.552,-40.219
,,,,,, 
1777066319.254147,1777066319.635243,381.096,40.556,0.414,-1.385,0.000,0.000,0.000,0.000
1777066319.636396,1777066320.037354,400.958,39.240,0.431,-1.420,0.000,0.000,0.000,0.000
1777066320.038583,1777066320.426595,388.012,47.552,0.433,-1.412,0.000,0.000,0.000,0.000
1777066320.428281,1777066320.822905,394.623,48.335,0.466,-1.428,0.000,0.000,0.000,0.000
1777066320.823997,1777066321.200916,376.918,50.545,0.428,-1.435,0.000,0.000,0.000,0.000
1777066321.202767,1777066321.598621,395.854,48.332,0.426,-1.420,0.000,0.000,0.000,0.000
1777066321.601297,1777066321.984075,382.778,50.233,0.405,-1.385,0.000,0.000,0.000,0.000
1777066321.985666,1777066322.372441,386.775,52.740,0.372,-1.402,0.000,0.000,0.000,0.000
1777066322.374015,1777066322.765703,391.688,51.125,0.407,-1.320,0.000,0.000,0.000,0.000
1777066322.767123,1777066323.151478,384.355,53.857,0.390,-1.249,0.000,0.000,0.000,0.000
,,,,,, 
1777066324.321788,1777066324.720859,399.071,129.401,0.000,0.000,0.000,49.943,-45.045,13.941
1777066324.722986,1777066325.100881,377.895,133.265,0.000,0.000,0.000,49.972,-47.455,26.630
1777066325.102215,1777066325.488405,386.190,133.270,0.000,0.000,0.000,49.975,-42.353,27.468
1777066325.490225,1777066325.885409,395.185,130.645,0.000,0.000,0.000,49.987,-44.718,3.266
1777066325.886786,1777066326.273609,386.823,129.380,0.000,0.000,0.000,49.754,-37.709,19.148
1777066326.275144,1777066326.659817,384.673,129.408,0.000,0.000,0.000,49.591,-28.378,16.674
1777066326.661759,1777066327.051312,389.553,127.663,0.000,0.000,0.000,49.556,-23.416,22.047
1777066327.052633,1777066327.432083,379.450,103.156,0.000,0.000,0.000,49.679,-29.560,-1.719
1777066327.433332,1777066327.820879,387.547,106.228,0.000,0.000,0.000,49.840,-39.601,-21.549
1777066328.973727,1777066329.353875,380.148,132.216,0.000,0.000,0.000,49.911,-44.688,13.783
1777066329.355311,1777066329.734486,379.175,142.187,0.000,0.000,0.000,49.954,-47.344,31.892
1777066329.735892,1777066330.137518,401.626,150.583,0.000,0.000,0.000,-0.018,1.328,-9.054
1777066330.138847,1777066330.524902,386.055,156.834,0.000,0.000,0.000,-25.007,25.657,-29.527
1777066330.526400,1777066330.919423,393.023,164.762,0.000,0.000,0.000,-37.499,37.829,-39.763
1777066331.304717,1777066331.692693,387.976,316.377,0.000,0.000,0.000,-18.750,0.078,-35.062
1777066331.694160,1777066332.073644,379.484,264.439,0.000,0.000,0.000,-9.375,-24.950,-39.617
1777066332.075267,1777066332.469970,394.704,246.617,0.000,0.000,0.000,-4.687,-36.827,-40.540
1777066332.471344,1777066332.877387,406.042,234.472,0.000,0.000,0.000,-2.344,-43.403,4.730
1777066332.879024,1777066333.261079,382.055,237.944,0.000,0.000,0.000,-1.172,-46.701,25.267
1777066333.262614,1777066333.641498,378.884,239.521,0.000,0.000,0.000,-0.586,-48.351,37.634
1777066333.643689,1777066334.034263,390.574,240.303,0.000,0.000,0.000,-0.293,0.824,-6.183
1777066334.035470,1777066334.414515,379.045,250.048,0.000,0.000,0.000,-0.146,-24.588,21.908
1777066335.196004,1777066335.573567,377.563,299.391,0.000,0.000,0.000,-0.073,-35.184,34.680
1777066335.979085,1777066336.360110,381.025,334.486,0.000,0.000,0.000,23.351,-18.919,42.340
1777066336.361882,1777066336.744668,382.787,338.784,0.000,0.000,0.000,-9.307,15.443,46.170
1777066336.745911,1777066337.128239,382.328,337.980,0.000,0.000,0.000,-29.474,13.777,48.085
1777066337.129702,1777066337.503381,373.679,327.984,0.000,0.000,0.000,-14.737,-17.639,49.042
1777066338.293205,1777066338.682286,389.081,342.133,0.000,0.000,0.000,-7.369,15.172,49.521
1777066339.078345,1777066339.464213,385.868,208.453,0.000,0.000,0.000,-3.684,5.338,49.707
1777066339.466107,1777066339.844003,377.896,178.406,0.000,0.000,0.000,-1.842,22.967,49.486
1777066339.845145,1777066340.230932,385.787,169.244,0.000,0.000,0.000,-0.921,18.703,46.954
1777066340.232182,1777066340.613930,381.748,159.435,0.000,0.000,0.000,-0.461,34.193,41.746
1777066340.615142,1777066341.000098,384.957,153.259,0.000,0.000,0.000,-24.387,31.541,37.075
1777066341.001933,1777066341.390096,388.163,147.866,0.000,0.000,0.000,-36.169,29.628,26.765
1777066341.391534,1777066341.787619,396.085,125.834,0.000,0.000,0.000,-41.926,35.661,24.941
1777066341.790709,1777066342.177412,386.703,61.559,0.000,0.000,0.000,-45.004,21.182,-0.118
1777066342.178650,1777066342.567282,388.632,48.115,0.000,0.000,0.000,-47.264,29.852,-25.031
1777066342.568876,1777066342.964268,395.393,30.023,0.000,0.000,0.000,-45.040,4.417,-37.178
1777066342.965846,1777066343.354775,388.929,28.060,0.000,0.000,0.000,-44.742,-9.969,-40.752
1777066343.356896,1777066343.752433,395.536,36.779,0.000,0.000,0.000,-29.599,-26.657,-45.376
1777066345.358395,1777066345.757909,399.514,135.458,0.000,0.000,0.000,10.197,8.783,-47.685
1777066345.759347,1777066346.149909,390.562,151.972,0.000,0.000,0.000,30.099,-20.609,-48.843
1777066346.538539,1777066346.947415,408.876,181.446,0.000,0.000,0.000,40.048,12.517,-49.420
1777066347.382514,1777066347.776722,394.208,211.783,0.000,0.000,0.000,20.024,29.411,-49.710
1777066347.778594,1777066348.170488,391.894,173.589,0.000,0.000,0.000,10.012,27.741,-42.887
1777066348.570679,1777066348.970170,399.491,204.752,0.000,0.000,0.000,5.006,30.234,-38.924
1777066348.971546,1777066349.360308,388.761,184.412,0.000,0.000,0.000,2.503,27.334,-31.436
1777066349.362389,1777066349.765986,403.597,179.417,0.000,0.000,0.000,1.251,25.454,-30.323
1777066349.767556,1777066350.163018,395.462,166.194,0.000,0.000,0.000,25.624,-9.032,-34.738
1777066350.164778,1777066350.551278,386.499,140.179,0.000,0.000,0.000,37.763,-12.082,-24.359
1777066350.553227,1777066350.969779,416.552,143.056,0.000,0.000,0.000,43.882,-28.959,9.669
1777066350.971301,1777066351.357705,386.404,110.736,0.000,0.000,0.000,45.910,-30.524,-6.032
1777066351.359083,1777066351.772049,412.966,107.356,0.000,0.000,0.000,47.955,-38.331,18.597
1777066351.775035,1777066352.167583,392.548,111.155,0.000,0.000,0.000,48.976,-40.053,33.067
1777066352.169111,1777066352.573655,404.544,46.794,0.000,0.000,0.000,49.487,-43.659,4.381
1777066352.575864,1777066352.968175,392.312,47.596,0.000,0.000,0.000,49.702,-35.082,22.117
1777066353.372433,1777066353.759168,386.735,80.327,0.000,0.000,0.000,-0.149,7.026,-13.686
,,,,,, 
1777066354.912120,1777066355.278289,366.169,200.924,0.271,-0.818,0.000,0.000,0.000,0.000
1777066355.279605,1777066355.667408,387.803,205.212,0.228,-0.808,0.000,0.000,0.000,0.000
1777066355.668648,1777066356.043185,374.538,203.414,0.230,-0.809,0.000,0.000,0.000,0.000
1777066356.045028,1777066356.427028,382.001,205.197,0.171,-0.776,0.000,0.000,0.000,0.000
1777066356.428155,1777066356.816947,388.792,212.417,0.248,-0.817,0.000,0.000,0.000,0.000
1777066356.818116,1777066357.202699,384.582,190.307,0.288,-0.846,0.000,0.000,0.000,0.000
1777066357.204271,1777066357.589895,385.624,200.935,0.214,-0.816,0.000,0.000,0.000,0.000
1777066357.960591,1777066358.356117,395.526,128.753,0.253,-0.790,0.000,0.000,0.000,0.000
1777066358.358466,1777066358.736732,378.267,116.809,0.273,-0.758,0.000,0.000,0.000,0.000
1777066358.737943,1777066359.124436,386.492,122.512,0.194,-0.698,0.000,0.000,0.000,0.000
1777066359.125664,1777066359.505715,380.051,116.577,0.231,-0.671,0.000,0.000,0.000,0.000
1777066359.506819,1777066359.891797,384.978,114.385,0.233,-0.653,0.000,0.000,0.000,0.000
1777066359.892909,1777066360.272186,379.277,109.692,0.208,-0.616,0.000,0.000,0.000,0.000
,,,,,, 
1777066360.654874,1777066361.043044,388.170,103.913,0.000,0.000,0.000,-0.002,-19.123,22.585
1777066361.044766,1777066361.442653,397.887,90.702,0.000,0.000,0.000,-0.001,-33.771,36.266
1777066361.443765,1777066361.823475,379.710,45.570,0.000,0.000,0.000,-0.001,-41.841,0.527
1777066361.824628,1777066362.207810,383.182,45.968,0.000,0.000,0.000,-0.000,-35.430,24.016
1777066362.209022,1777066362.584710,375.688,55.390,0.000,0.000,0.000,-0.000,-42.713,37.008
1777066362.586427,1777066362.956676,370.249,55.632,0.000,0.000,0.000,-0.000,-46.289,43.504
1777066362.957885,1777066363.343149,385.264,53.939,0.000,0.000,0.000,-0.000,-47.452,45.815
1777066363.344434,1777066363.721317,376.883,56.903,0.000,0.000,0.000,-23.593,-47.816,47.881
1777066363.722390,1777066364.091566,369.176,58.269,0.000,0.000,0.000,-36.319,-46.907,48.875
1777066364.093197,1777066364.476966,383.769,55.227,0.000,0.000,0.000,-41.417,-3.556,39.037
1777066364.478067,1777066364.871563,393.496,52.138,0.000,0.000,0.000,-45.593,23.109,38.408
1777066364.872764,1777066365.243646,370.881,49.133,0.000,0.000,0.000,-45.254,10.906,35.057
1777066365.245408,1777066365.624173,378.765,44.972,0.000,0.000,0.000,-44.923,1.618,28.995
1777066365.625320,1777066366.006826,381.506,42.722,0.000,0.000,0.000,-36.183,5.750,19.605
1777066366.008001,1777066366.382203,374.202,31.808,0.000,0.000,0.000,-35.745,9.934,16.894
1777066366.383709,1777066366.766900,383.191,24.880,0.000,0.000,0.000,-35.976,14.200,14.493
1777066366.768104,1777066367.142313,374.209,22.469,0.000,0.000,0.000,-36.629,18.732,16.618
1777066367.143517,1777066367.532370,388.853,19.676,0.000,0.000,0.000,-41.076,28.300,9.997
1777066367.533589,1777066367.906040,372.452,18.184,0.000,0.000,0.000,-44.918,37.329,-11.993
1777066367.907672,1777066368.277962,370.290,21.455,0.000,0.000,0.000,-47.438,43.620,-26.198
1777066368.279198,1777066368.657197,377.999,27.065,0.000,0.000,0.000,-48.713,46.810,-38.099
1777066368.658294,1777066369.035153,376.859,28.738,0.000,0.000,0.000,-48.465,48.021,-38.470
1777066369.036347,1777066369.412776,376.429,34.768,0.000,0.000,0.000,-49.188,49.009,-44.224
1777066369.414097,1777066369.806802,392.704,37.934,0.000,0.000,0.000,-48.717,49.294,-45.809
1777066369.807924,1777066370.194304,386.381,49.247,0.000,0.000,0.000,-15.760,49.647,-47.904
1777066370.195594,1777066370.578412,382.818,59.431,0.000,0.000,0.000,-32.298,49.823,-48.952
1777066371.356381,1777066371.737870,381.489,148.299,0.000,0.000,0.000,-36.858,37.706,-13.472
1777066371.739011,1777066372.114599,375.588,145.396,0.000,0.000,0.000,-42.156,41.722,6.124
1777066372.484973,1777066372.875281,390.308,167.406,0.000,0.000,0.000,3.922,45.854,-21.541
1777066372.876653,1777066373.259135,382.482,169.484,0.000,0.000,0.000,26.961,47.927,-35.325
1777066373.260714,1777066373.641034,380.320,171.611,0.000,0.000,0.000,13.480,48.439,-42.050
1777066373.642178,1777066374.023999,381.821,178.139,0.000,0.000,0.000,6.740,49.220,-46.024
1777066374.025742,1777066374.408961,383.219,170.241,0.000,0.000,0.000,3.370,47.174,-40.316
1777066374.410233,1777066374.788154,377.921,127.548,0.000,0.000,0.000,1.685,48.574,-45.139
1777066374.789516,1777066375.191305,401.789,92.482,0.000,0.000,0.000,0.843,46.187,-44.625
1777066375.192474,1777066375.586474,394.000,98.948,0.000,0.000,0.000,0.421,47.190,-46.870
1777066375.588255,1777066375.971902,383.647,98.823,0.000,0.000,0.000,24.533,35.496,-39.685
1777066375.973176,1777066376.350362,377.186,72.500,0.000,0.000,0.000,30.363,18.829,-26.264
1777066376.351409,1777066376.737420,386.011,66.044,0.000,0.000,0.000,38.150,12.171,-20.697
1777066376.738620,1777066377.119762,381.143,60.166,0.000,0.000,0.000,44.046,12.830,-19.130
1777066377.121059,1777066377.506808,385.749,57.190,0.000,0.000,0.000,46.889,-0.702,-18.363
1777066377.508109,1777066377.888895,380.785,40.220,0.000,0.000,0.000,47.154,-8.014,-8.537
1777066377.890913,1777066378.279369,388.457,38.533,0.000,0.000,0.000,46.654,-9.075,-3.569
1777066378.280566,1777066378.649187,368.620,29.606,0.000,0.000,0.000,48.204,-19.412,-9.426
1777066378.650360,1777066379.028067,377.707,27.707,0.000,0.000,0.000,46.997,-18.027,-12.313
1777066379.029220,1777066379.408465,379.245,30.577,0.000,0.000,0.000,48.498,-33.803,18.751
1777066379.409873,1777066379.794482,384.609,45.344,0.000,0.000,0.000,49.249,-41.867,-12.979
1777066379.796143,1777066380.176651,380.508,46.098,0.000,0.000,0.000,47.501,-34.257,2.309
1777066380.177874,1777066380.555560,377.686,47.890,0.000,0.000,0.000,48.662,-38.302,4.372
1777066380.557197,1777066380.941593,384.397,48.973,0.000,0.000,0.000,49.323,-43.248,8.140
1777066380.942817,1777066381.317090,374.274,57.331,0.000,0.000,0.000,49.662,-46.621,28.980
1777066381.698765,1777066382.096682,397.917,89.808,0.000,0.000,0.000,49.779,-47.668,39.328
1777066382.097849,1777066382.483954,386.105,93.569,0.000,0.000,0.000,49.889,-48.794,44.199
1777066382.485416,1777066382.881789,396.373,105.210,0.000,0.000,0.000,49.944,-49.397,47.099
1777066382.883015,1777066383.254408,371.393,109.772,0.000,0.000,0.000,49.972,-49.698,48.550
1777066383.256188,1777066383.637614,381.426,106.899,0.000,0.000,0.000,49.986,-49.849,49.275
1777066384.022167,1777066384.396742,374.575,134.854,0.000,0.000,0.000,49.993,0.075,-0.088
1777066385.164111,1777066385.535545,371.434,231.232,0.000,0.000,0.000,49.996,-24.962,15.684
1777066385.537511,1777066385.926397,388.887,234.114,0.000,0.000,0.000,0.121,-37.478,32.841
1777066385.927611,1777066386.308313,380.702,232.808,0.000,0.000,0.000,-24.645,-43.691,41.374
1777066386.309483,1777066386.692522,383.039,224.501,0.000,0.000,0.000,-36.937,-46.712,45.597
1777066386.694340,1777066387.103656,409.316,216.570,0.000,0.000,0.000,-18.468,-48.354,-1.296
1777066387.104863,1777066387.488574,383.711,206.508,0.000,0.000,0.000,-9.234,-49.097,23.794
1777066387.489796,1777066387.872184,382.389,193.300,0.000,0.000,0.000,-4.617,-49.518,36.857
1777066387.873365,1777066388.255896,382.530,182.432,0.000,0.000,0.000,-2.309,-49.387,38.862
1777066388.256965,1777066388.638641,381.676,146.824,0.000,0.000,0.000,-1.154,-49.604,1.175
1777066388.639985,1777066389.024424,384.439,64.088,0.000,0.000,0.000,-0.577,-49.374,25.032
1777066389.025646,1777066389.405676,380.030,48.642,0.000,0.000,0.000,-0.289,-35.760,27.170
1777066389.407171,1777066389.786476,379.304,42.061,0.000,0.000,0.000,-18.541,-30.931,27.622
1777066389.787669,1777066390.166736,379.067,37.394,0.000,0.000,0.000,-25.641,-21.456,21.672
1777066390.168166,1777066390.545366,377.200,32.807,0.000,0.000,0.000,-21.051,-12.838,14.166
1777066390.547346,1777066390.919244,371.898,26.435,0.000,0.000,0.000,-28.672,-7.640,15.712
1777066390.920476,1777066391.316054,395.577,23.652,0.000,0.000,0.000,-35.591,6.268,17.402
1777066391.317204,1777066391.695096,377.892,19.103,0.000,0.000,0.000,-40.726,3.375,16.805
1777066391.696439,1777066392.082778,386.340,17.299,0.000,0.000,0.000,-39.508,-3.603,7.394
1777066392.083978,1777066392.469516,385.538,13.819,0.000,0.000,0.000,-37.175,4.712,9.776
1777066392.470771,1777066392.857334,386.563,11.126,0.000,0.000,0.000,-38.061,11.428,10.257
1777066392.858387,1777066393.233035,374.648,11.415,0.000,0.000,0.000,-42.286,19.160,13.313
1777066393.234201,1777066393.626450,392.249,11.358,0.000,0.000,0.000,-40.974,22.131,9.306
1777066393.627627,1777066394.008982,381.355,13.514,0.000,0.000,0.000,-45.329,27.904,-7.678
1777066394.010545,1777066394.380043,369.498,16.408,0.000,0.000,0.000,-47.555,33.902,-12.790
1777066394.381668,1777066394.761131,379.463,16.383,0.000,0.000,0.000,-41.477,25.560,-2.915
1777066394.762305,1777066395.137939,375.635,16.294,0.000,0.000,0.000,-41.004,25.081,6.988
1777066395.139277,1777066395.508972,369.695,17.879,0.000,0.000,0.000,-45.270,35.819,-7.253
1777066395.510326,1777066395.891475,381.149,23.429,0.000,0.000,0.000,-47.628,42.893,-28.422
1777066395.892961,1777066396.270237,377.276,26.351,0.000,0.000,0.000,-48.616,46.048,-34.976
1777066396.271281,1777066396.652977,381.696,30.454,0.000,0.000,0.000,-49.216,48.010,-35.937
1777066396.654190,1777066397.028179,373.989,34.988,0.000,0.000,0.000,-49.582,49.000,-42.138
1777066397.029337,1777066397.395686,366.349,39.474,0.000,0.000,0.000,-49.294,49.496,-45.518
1777066397.397027,1777066397.781058,384.031,46.147,0.000,0.000,0.000,-19.013,-0.252,2.239
1777066397.782128,1777066398.163959,381.830,44.353,0.000,0.000,0.000,-28.999,19.161,6.074
1777066398.165127,1777066398.560651,395.524,45.851,0.000,0.000,0.000,-37.495,33.134,17.678
1777066398.561833,1777066398.945270,383.437,46.067,0.000,0.000,0.000,-39.481,33.501,19.549
1777066398.946457,1777066399.325974,379.518,46.075,0.000,0.000,0.000,-43.836,41.335,25.359
1777066399.327236,1777066399.701705,374.469,47.135,0.000,0.000,0.000,3.076,45.665,-12.280
1777066399.702952,1777066400.095591,392.639,45.679,0.000,0.000,0.000,25.608,38.554,-26.425
1777066400.096821,1777066400.478313,381.492,47.320,0.000,0.000,0.000,12.804,44.272,-36.667
1777066401.238873,1777066401.620194,381.320,178.787,0.000,0.000,0.000,6.402,47.050,-40.810
1777066401.621334,1777066402.002703,381.370,179.912,0.000,0.000,0.000,3.201,35.615,-41.876
1777066402.003912,1777066402.388153,384.241,179.653,0.000,0.000,0.000,1.600,29.630,-39.397
1777066402.389225,1777066402.779351,390.126,180.193,0.000,0.000,0.000,0.800,28.466,-37.066
1777066402.780764,1777066403.166507,385.743,177.483,0.000,0.000,0.000,0.400,14.904,-23.034
1777066403.167696,1777066403.554148,386.453,170.666,0.000,0.000,0.000,16.210,12.092,-18.087
1777066403.555326,1777066403.933213,377.886,169.884,0.000,0.000,0.000,30.557,12.866,-23.035
1777066403.934373,1777066404.323729,389.356,165.443,0.000,0.000,0.000,39.734,7.303,-29.638
1777066404.325142,1777066404.707871,382.730,89.125,0.000,0.000,0.000,44.665,7.643,-33.917
1777066404.709066,1777066405.077493,368.427,21.609,0.000,0.000,0.000,46.075,7.070,-31.088
1777066405.078667,1777066405.460437,381.770,18.461,0.000,0.000,0.000,44.771,6.477,-21.268
1777066405.461572,1777066405.847158,385.585,18.946,0.000,0.000,0.000,47.270,16.157,-12.033
1777066405.848323,1777066406.241722,393.399,18.932,0.000,0.000,0.000,47.985,12.290,-12.378
1777066406.242929,1777066406.624130,381.201,17.699,0.000,0.000,0.000,40.774,3.778,-8.124
1777066406.625380,1777066407.017089,391.709,19.092,0.000,0.000,0.000,44.160,-6.181,-9.138
1777066407.018381,1777066407.396591,378.210,19.268,0.000,0.000,0.000,40.801,-7.027,-9.444
1777066407.398210,1777066407.781216,383.005,21.884,0.000,0.000,0.000,45.388,-20.610,3.363
1777066407.782377,1777066408.157476,375.099,21.821,0.000,0.000,0.000,47.168,-25.015,0.235
1777066408.159093,1777066408.538455,379.362,20.679,0.000,0.000,0.000,46.993,-23.527,6.952
1777066408.540839,1777066408.919975,379.135,21.560,0.000,0.000,0.000,48.167,-32.751,13.796
1777066408.921142,1777066409.292679,371.536,23.110,0.000,0.000,0.000,48.815,-37.202,17.191
1777066409.294388,1777066409.673182,378.793,22.831,0.000,0.000,0.000,49.035,-39.783,21.912
1777066409.674495,1777066410.051003,376.509,28.855,0.000,0.000,0.000,49.517,-44.880,35.102
1777066410.429579,1777066410.821710,392.132,67.660,0.000,0.000,0.000,49.759,-47.440,40.490
1777066410.823727,1777066411.211592,387.866,74.471,0.000,0.000,0.000,49.876,-48.718,45.199
1777066411.212803,1777066411.581313,368.510,76.627,0.000,0.000,0.000,49.931,-49.345,46.908
1777066411.583086,1777066411.971190,388.104,90.387,0.000,0.000,0.000,49.965,-49.673,48.454
1777066411.972394,1777066412.353767,381.373,101.214,0.000,0.000,0.000,49.975,-49.836,49.227
1777066412.357497,1777066412.736217,378.720,104.424,0.000,0.000,0.000,49.980,-49.903,8.467
1777066412.737403,1777066413.119117,381.714,104.700,0.000,0.000,0.000,40.035,-49.702,27.350
1777066413.120972,1777066413.496530,375.558,116.427,0.000,0.000,0.000,-2.003,-49.851,38.675
1777066413.497632,1777066413.875291,377.659,111.794,0.000,0.000,0.000,-25.752,-48.109,42.909
1777066413.876423,1777066414.258929,382.506,85.821,0.000,0.000,0.000,-25.831,-49.018,44.422
1777066414.260301,1777066414.642136,381.835,75.916,0.000,0.000,0.000,-12.916,-35.812,37.114
1777066414.643272,1777066415.036142,392.870,69.363,0.000,0.000,0.000,-6.458,-37.338,26.264
1777066415.037231,1777066415.426309,389.078,64.724,0.000,0.000,0.000,-3.229,-37.126,26.029
1777066415.427510,1777066415.804243,376.733,49.817,0.000,0.000,0.000,-1.614,-35.493,22.371
1777066415.805824,1777066416.184433,378.610,37.562,0.000,0.000,0.000,-0.807,-22.204,13.880
1777066416.185739,1777066416.575784,390.045,32.451,0.000,0.000,0.000,-17.979,-18.002,9.029
1777066416.577395,1777066416.953354,375.960,30.080,0.000,0.000,0.000,-25.111,-7.246,10.790
1777066416.954655,1777066417.337582,382.927,16.543,0.000,0.000,0.000,-31.154,-8.841,9.691
1777066417.338710,1777066417.716176,377.466,13.892,0.000,0.000,0.000,-33.800,-4.874,4.113
1777066417.717331,1777066418.092996,375.665,10.885,0.000,0.000,0.000,-35.709,-2.463,3.807
1777066418.094245,1777066418.482142,387.897,10.544,0.000,0.000,0.000,-39.412,-0.915,0.015
1777066418.483362,1777066418.860321,376.959,11.118,0.000,0.000,0.000,-43.362,1.792,-8.764
1777066418.861774,1777066419.238760,376.986,10.723,0.000,0.000,0.000,-43.321,5.416,2.235
1777066419.240975,1777066419.616106,375.132,10.618,0.000,0.000,0.000,-41.813,3.586,3.358
1777066419.617496,1777066419.992293,374.797,11.325,0.000,0.000,0.000,-40.302,5.556,-4.238
1777066419.994271,1777066420.376259,381.989,11.790,0.000,0.000,0.000,-42.036,9.079,1.068
1777066420.377506,1777066420.760507,383.001,12.429,0.000,0.000,0.000,-43.217,12.007,-2.516
1777066420.761645,1777066421.131904,370.259,12.989,0.000,0.000,0.000,-44.101,17.318,-5.211
1777066421.133100,1777066421.528953,395.852,14.005,0.000,0.000,0.000,-45.925,18.021,-8.880
1777066421.530385,1777066421.914165,383.779,15.213,0.000,0.000,0.000,-47.183,23.341,-10.826
1777066421.918196,1777066422.293783,375.587,17.215,0.000,0.000,0.000,-48.451,33.788,-18.985
1777066422.294970,1777066422.675492,380.522,18.170,0.000,0.000,0.000,-48.731,38.730,-26.234
1777066422.676697,1777066423.064981,388.284,19.165,0.000,0.000,0.000,-47.677,40.200,-33.394
1777066423.066100,1777066423.451500,385.400,20.650,0.000,0.000,0.000,-48.215,42.262,-21.194
1777066423.454220,1777066423.839819,385.600,27.108,0.000,0.000,0.000,-49.098,46.130,-35.534
1777066423.841114,1777066424.220591,379.477,30.359,0.000,0.000,0.000,-49.489,47.955,-35.774
1777066424.221791,1777066424.602164,380.373,30.145,0.000,0.000,0.000,-44.333,37.681,-13.125
1777066424.603542,1777066424.994406,390.865,37.205,0.000,0.000,0.000,-46.931,43.841,-31.522
1777066424.996074,1777066425.377546,381.472,40.742,0.000,0.000,0.000,-47.985,46.916,-38.659
1777066425.378606,1777066425.763229,384.623,39.901,0.000,0.000,0.000,-43.422,39.429,-9.669
1777066426.168751,1777066426.543336,374.585,76.192,0.000,0.000,0.000,2.829,44.715,-29.829
1777066426.545065,1777066426.930166,385.101,82.563,0.000,0.000,0.000,26.397,47.357,-39.868
1777066426.931758,1777066427.326799,395.041,90.418,0.000,0.000,0.000,38.199,48.678,-44.910
1777066427.328099,1777066427.704672,376.573,91.394,0.000,0.000,0.000,19.099,49.337,-47.390
1777066427.706240,1777066428.088274,382.034,91.020,0.000,0.000,0.000,9.550,48.915,-45.513
1777066428.089463,1777066428.465687,376.224,91.411,0.000,0.000,0.000,4.775,38.504,-35.034
1777066428.467544,1777066428.849918,382.374,89.643,0.000,0.000,0.000,2.387,44.238,-41.667
1777066428.851180,1777066429.237900,386.720,87.305,0.000,0.000,0.000,1.194,35.616,-37.966
1777066429.241782,1777066429.638760,396.977,88.452,0.000,0.000,0.000,24.514,40.072,-34.873
1777066429.639904,1777066430.022904,383.000,63.410,0.000,0.000,0.000,37.256,42.821,-37.237
1777066430.024461,1777066430.412998,388.537,55.507,0.000,0.000,0.000,43.521,37.392,-29.751
1777066430.414660,1777066430.798365,383.705,49.735,0.000,0.000,0.000,46.496,40.525,-10.652
1777066430.799654,1777066431.184116,384.462,42.422,0.000,0.000,0.000,48.154,21.804,-10.584
1777066431.185485,1777066431.578402,392.917,37.468,0.000,0.000,0.000,49.033,22.146,-0.610
1777066431.579756,1777066431.966260,386.504,35.844,0.000,0.000,0.000,49.240,16.367,9.534
1777066431.967873,1777066432.351374,383.501,36.351,0.000,0.000,0.000,48.910,2.576,2.028
1777066432.352478,1777066432.737952,385.474,31.584,0.000,0.000,0.000,48.535,-10.446,-7.506
1777066432.739598,1777066433.116025,376.427,33.218,0.000,0.000,0.000,49.263,-25.253,-12.977
1777066433.121150,1777066433.509714,388.564,32.518,0.000,0.000,0.000,47.990,-24.713,0.537
1777066433.511247,1777066433.905563,394.316,29.835,0.000,0.000,0.000,48.813,-35.518,22.716
1777066433.906953,1777066434.269397,362.445,29.857,0.000,0.000,0.000,49.234,-40.312,20.498
1777066434.270981,1777066434.669876,398.894,28.119,0.000,0.000,0.000,45.096,-28.766,8.355
1777066434.671875,1777066435.052375,380.500,40.979,0.000,0.000,0.000,47.548,-39.383,17.244
1777066435.053446,1777066435.436921,383.474,39.289,0.000,0.000,0.000,46.383,-37.806,22.494
1777066436.588479,1777066436.969014,380.535,1513.129,0.000,0.000,0.000,48.186,-43.902,35.601
1777066436.970396,1777066437.350631,380.235,1514.833,0.000,0.000,0.000,48.930,-45.441,-1.494
1777066437.351925,1777066437.732417,380.492,1521.899,0.000,0.000,0.000,49.465,-47.720,24.208
1777066437.733786,1777066438.125969,392.183,1537.533,0.000,0.000,0.000,49.732,-48.860,37.104
1777066438.127151,1777066438.503028,375.877,1539.902,0.000,0.000,0.000,41.869,-49.311,42.057
1777066438.504792,1777066438.894374,389.582,1532.996,0.000,0.000,0.000,45.934,-49.655,9.305
1777066438.895580,1777066439.281984,386.405,1547.154,0.000,0.000,0.000,47.967,-49.828,29.652
1777066439.283638,1777066439.661634,377.996,1524.000,0.000,0.000,0.000,48.803,-49.222,-3.922
1777066439.663819,1777066440.038907,375.088,116.780,0.000,0.000,0.000,39.907,-49.611,23.039
1777066440.040691,1777066440.451027,410.336,100.426,0.000,0.000,0.000,-4.616,-49.806,36.520
1777066440.452457,1777066440.828109,375.651,95.163,0.000,0.000,0.000,20.432,-48.040,6.789
1777066440.829547,1777066441.217357,387.809,97.042,0.000,0.000,0.000,2.393,-49.017,27.869
1777066441.218476,1777066441.594474,375.998,91.853,0.000,0.000,0.000,-23.577,-49.471,38.825
1777066441.596146,1777066441.982350,386.204,75.403,0.000,0.000,0.000,-11.789,-44.106,41.157
1777066441.983561,1777066442.370799,387.238,72.854,0.000,0.000,0.000,-5.894,-40.516,29.134
1777066442.755412,1777066443.133896,378.484,71.633,0.000,0.000,0.000,-2.947,-24.604,23.189
1777066443.135541,1777066443.512201,376.660,68.917,0.000,0.000,0.000,-1.474,-20.281,21.136
1777066443.514455,1777066443.894106,379.651,55.582,0.000,0.000,0.000,-0.737,-17.537,23.887
1777066443.895401,1777066444.277490,382.089,43.406,0.000,0.000,0.000,-14.259,-11.692,17.917
1777066444.278931,1777066444.665945,387.014,42.158,0.000,0.000,0.000,-25.532,-12.118,17.280
1777066444.667120,1777066445.047104,379.984,37.969,0.000,0.000,0.000,-33.000,-11.024,16.581
1777066445.048348,1777066445.431464,383.116,33.503,0.000,0.000,0.000,-34.455,-9.087,16.144
1777066445.432759,1777066445.824949,392.190,31.894,0.000,0.000,0.000,-32.790,-8.996,14.482
1777066445.826440,1777066446.216981,390.541,31.925,0.000,0.000,0.000,-35.303,-5.669,16.432
1777066446.218535,1777066446.589545,371.010,9.566,0.000,0.000,0.000,-33.653,-3.885,13.755
1777066446.591143,1777066446.985408,394.265,9.707,0.000,0.000,0.000,-34.590,-2.045,8.820
1777066446.986537,1777066447.368578,382.041,10.007,0.000,0.000,0.000,-37.974,4.390,12.184
1777066447.369841,1777066447.755175,385.334,9.846,0.000,0.000,0.000,-39.381,9.099,9.131
1777066447.756477,1777066448.151499,395.022,10.255,0.000,0.000,0.000,-39.278,10.887,7.388
1777066448.152627,1777066448.528859,376.232,9.893,0.000,0.000,0.000,-34.259,5.077,5.287
1777066448.530693,1777066448.920118,389.425,10.325,0.000,0.000,0.000,-40.131,10.232,3.754
1777066448.921428,1777066449.307780,386.351,10.640,0.000,0.000,0.000,-40.891,14.510,8.026
1777066449.308992,1777066449.692468,383.476,10.953,0.000,0.000,0.000,-39.873,15.803,7.879
1777066449.693751,1777066450.084013,390.263,11.112,0.000,0.000,0.000,-40.659,13.788,-0.234
1777066450.085129,1777066450.459916,374.787,12.356,0.000,0.000,0.000,-44.230,22.578,-2.133
1777066450.461432,1777066450.831751,370.319,14.022,0.000,0.000,0.000,-46.441,31.536,-17.848
1777066450.832853,1777066451.205188,372.334,15.023,0.000,0.000,0.000,-47.264,34.512,-19.665
1777066451.206386,1777066451.579769,373.384,16.662,0.000,0.000,0.000,-48.153,39.638,-25.036
1777066451.581913,1777066451.959191,377.279,20.086,0.000,0.000,0.000,-49.028,43.040,-37.096
1777066451.960428,1777066452.345904,385.477,23.023,0.000,0.000,0.000,-49.237,46.184,-23.912
1777066452.347064,1777066452.734908,387.844,28.795,0.000,0.000,0.000,-49.614,48.074,-36.943
1777066452.736257,1777066453.116410,380.152,30.789,0.000,0.000,0.000,-49.084,48.187,-41.009
1777066453.117635,1777066453.493404,375.769,34.844,0.000,0.000,0.000,-49.313,49.076,-44.423
1777066453.494554,1777066453.868891,374.337,35.549,0.000,0.000,0.000,-46.805,46.031,-15.806
1777066454.267736,1777066454.648801,381.064,63.282,0.000,0.000,0.000,-19.143,48.015,-32.903
1777066454.650920,1777066455.039323,388.403,74.144,0.000,0.000,0.000,12.882,49.008,-41.451
1777066455.041309,1777066455.419033,377.725,77.523,0.000,0.000,0.000,31.437,48.912,-45.658
1777066455.420588,1777066455.799332,378.745,78.653,0.000,0.000,0.000,15.719,49.389,-47.580
1777066455.801013,1777066456.184171,383.157,82.447,0.000,0.000,0.000,7.859,49.694,-48.255
1777066456.185927,1777066456.583651,397.724,82.532,0.000,0.000,0.000,3.930,49.843,-48.855
1777066456.584984,1777066456.972612,387.628,89.642,0.000,0.000,0.000,1.965,49.921,-49.358
1777066456.973925,1777066457.346266,372.341,85.683,0.000,0.000,0.000,0.982,39.026,-34.023
1777066457.347689,1777066457.736398,388.710,87.648,0.000,0.000,0.000,25.426,41.849,-39.270
1777066458.113671,1777066458.492289,378.618,112.682,0.000,0.000,0.000,37.709,42.839,-19.134
1777066458.875417,1777066459.249882,374.465,155.743,0.000,0.000,0.000,43.855,15.350,-4.337
1777066459.251202,1777066459.626925,375.723,154.854,0.000,0.000,0.000,46.923,-1.616,1.275
1777066459.628261,1777066460.010096,381.835,152.025,0.000,0.000,0.000,48.455,-20.863,3.593
1777066460.011361,1777066460.383397,372.035,150.404,0.000,0.000,0.000,49.227,-33.547,-18.945
1777066460.767701,1777066461.140356,372.655,165.878,0.000,0.000,0.000,49.504,-37.401,-18.933
1777066461.510151,1777066461.892851,382.700,141.335,0.000,0.000,0.000,49.752,-43.680,15.031
1777066461.893966,1777066462.269757,375.790,140.101,0.000,0.000,0.000,49.811,-44.133,22.238
1777066462.271230,1777066462.675297,404.068,93.820,0.000,0.000,0.000,49.905,-47.044,36.027
1777066462.676557,1777066463.063979,387.422,101.149,0.000,0.000,0.000,49.953,-48.521,43.014
1777066463.065264,1777066463.442345,377.080,101.211,0.000,0.000,0.000,49.968,-48.325,7.355
1777066463.444042,1777066463.833922,389.880,114.817,0.000,0.000,0.000,49.984,0.838,-21.321
1777066464.600387,1777066464.979447,379.060,220.272,0.000,0.000,0.000,-0.008,25.419,-35.661
1777066464.980817,1777066465.367951,387.134,206.014,0.000,0.000,0.000,24.915,-12.242,6.665
1777066465.750506,1777066466.131278,380.772,217.616,0.000,0.000,0.000,36.357,-28.011,-13.118
1777066466.132389,1777066466.511349,378.960,224.963,0.000,0.000,0.000,43.175,-39.006,18.441
1777066466.891439,1777066467.277220,385.780,255.758,0.000,0.000,0.000,46.587,-44.503,34.221
1777066467.278412,1777066467.650358,371.946,249.384,0.000,0.000,0.000,48.139,-47.251,42.110
1777066467.652277,1777066468.039307,387.029,237.127,0.000,0.000,0.000,49.068,-48.626,45.107
1777066468.807994,1777066469.180260,372.266,175.184,0.000,0.000,0.000,23.699,-49.311,47.553
1777066469.181543,1777066469.552566,371.023,153.597,0.000,0.000,0.000,-12.823,-37.024,48.374
1777066469.950802,1777066470.320887,370.085,186.597,0.000,0.000,0.000,-6.412,-43.512,-0.726
1777066470.322032,1777066470.718462,396.430,155.316,0.000,0.000,0.000,-3.206,-45.035,23.615
1777066470.719801,1777066471.087036,367.235,140.008,0.000,0.000,0.000,-1.603,-34.180,20.711
1777066471.088694,1777066471.471802,383.109,130.591,0.000,0.000,0.000,-0.801,-38.285,32.648
1777066471.473187,1777066471.845791,372.603,122.910,0.000,0.000,0.000,-0.401,-26.251,36.305
1777066471.846906,1777066472.223319,376.413,101.731,0.000,0.000,0.000,-0.200,-33.393,40.786
1777066472.224515,1777066472.608262,383.746,76.697,0.000,0.000,0.000,-0.100,-9.790,37.974
1777066472.609510,1777066472.991026,381.516,69.249,0.000,0.000,0.000,-21.694,-11.832,36.490
1777066472.992224,1777066473.368062,375.838,66.691,0.000,0.000,0.000,-25.393,-18.755,27.758
1777066473.369267,1777066473.763963,394.695,27.247,0.000,0.000,0.000,-33.125,-16.922,22.827
1777066473.765285,1777066474.138763,373.478,18.120,0.000,0.000,0.000,-38.557,-12.373,25.678
1777066474.140432,1777066474.515153,374.721,15.868,0.000,0.000,0.000,-34.307,-5.557,19.741
1777066474.516627,1777066474.909006,392.379,15.790,0.000,0.000,0.000,-33.196,-5.160,17.230
1777066474.910276,1777066475.279166,368.890,14.318,0.000,0.000,0.000,-34.289,-2.394,14.652
1777066475.280884,1777066475.659917,379.034,13.209,0.000,0.000,0.000,-35.695,-0.711,10.486
1777066475.661280,1777066476.048870,387.589,11.932,0.000,0.000,0.000,-38.636,5.250,11.495
1777066476.050020,1777066476.427919,377.899,11.489,0.000,0.000,0.000,-41.643,3.930,0.455
1777066476.429274,1777066476.807431,378.157,11.081,0.000,0.000,0.000,-41.119,10.741,2.387
1777066476.808636,1777066477.179556,370.920,11.611,0.000,0.000,0.000,-43.055,8.959,-3.737
1777066477.181287,1777066477.551061,369.774,12.942,0.000,0.000,0.000,-46.081,23.432,-10.010
1777066477.552380,1777066477.936329,383.949,14.165,0.000,0.000,0.000,-47.718,30.640,-16.699
1777066477.937836,1777066478.318444,380.608,15.251,0.000,0.000,0.000,-47.272,28.322,-16.686
1777066478.319573,1777066478.705910,386.338,16.236,0.000,0.000,0.000,-46.859,29.583,-12.706
1777066478.707270,1777066479.090171,382.901,16.513,0.000,0.000,0.000,-43.107,26.881,-3.205
1777066479.092149,1777066479.481388,389.238,17.991,0.000,0.000,0.000,-45.440,35.158,-18.044
1777066479.482774,1777066479.872727,389.953,18.786,0.000,0.000,0.000,-46.386,35.387,-0.820
1777066479.873876,1777066480.265349,391.473,23.205,0.000,0.000,0.000,-48.124,42.688,-24.149
1777066480.266410,1777066480.645056,378.646,30.169,0.000,0.000,0.000,-48.921,46.344,-36.908
1777066480.646326,1777066481.032733,386.407,36.662,0.000,0.000,0.000,-49.458,48.172,-41.296
1777066481.034000,1777066481.407976,373.976,35.742,0.000,0.000,0.000,-45.947,43.485,-12.624
1777066481.409191,1777066481.778870,369.679,34.218,0.000,0.000,0.000,-41.317,37.494,0.610
1777066481.780146,1777066482.155488,375.343,34.459,0.000,0.000,0.000,-43.742,38.891,15.226
1777066482.156588,1777066482.534975,378.387,41.392,0.000,0.000,0.000,0.886,44.446,-17.383
1777066482.536485,1777066482.913836,377.351,48.466,0.000,0.000,0.000,24.147,47.222,-33.690
1777066482.914911,1777066483.308514,393.603,54.234,0.000,0.000,0.000,37.067,48.605,-41.843
1777066483.309584,1777066483.689256,379.672,61.580,0.000,0.000,0.000,18.534,49.303,-45.816
1777066483.690663,1777066484.068250,377.587,61.159,0.000,0.000,0.000,9.267,49.499,-47.172
1777066484.069427,1777066484.456367,386.940,58.652,0.000,0.000,0.000,4.633,49.688,-47.998
1777066484.457676,1777066484.839225,381.549,56.918,0.000,0.000,0.000,2.317,49.840,-48.643
1777066485.220746,1777066485.606541,385.795,97.285,0.000,0.000,0.000,1.158,5.531,-47.103
1777066485.607782,1777066485.994161,386.379,112.168,0.000,0.000,0.000,25.579,27.761,-48.551
1777066485.997277,1777066486.394927,397.650,117.030,0.000,0.000,0.000,37.790,33.587,-49.262
1777066486.396082,1777066486.777402,381.319,114.872,0.000,0.000,0.000,43.895,26.587,-45.099
1777066486.778730,1777066487.165958,387.228,109.176,0.000,0.000,0.000,46.582,7.085,-33.552
1777066487.167073,1777066487.547045,379.972,101.489,0.000,0.000,0.000,46.653,5.426,-17.628
1777066487.548826,1777066487.926319,377.493,104.764,0.000,0.000,0.000,48.326,-21.132,-28.930
1777066487.927483,1777066488.291508,364.025,101.884,0.000,0.000,0.000,48.952,-9.311,-3.759
1777066488.292715,1777066488.683696,390.982,98.358,0.000,0.000,0.000,49.188,-22.461,-3.091
1777066488.684813,1777066489.062774,377.961,62.673,0.000,0.000,0.000,49.566,-30.845,-12.538
1777066489.064058,1777066489.450762,386.703,65.402,0.000,0.000,0.000,49.783,-38.787,16.590
1777066489.451871,1777066489.824809,372.939,54.534,0.000,0.000,0.000,49.890,-44.157,30.850
,,,,,, 
1777066490.203714,1777066490.578880,375.165,42.534,0.055,-0.324,0.000,0.000,0.000,0.000
1777066490.580223,1777066490.959831,379.608,45.636,0.119,-0.345,0.000,0.000,0.000,0.000
1777066490.961700,1777066491.348184,386.483,55.230,0.150,-0.362,0.000,0.000,0.000,0.000
1777066491.351961,1777066491.735077,383.116,50.878,0.152,-0.352,0.000,0.000,0.000,0.000
1777066491.736251,1777066492.105214,368.963,56.844,0.105,-0.326,0.000,0.000,0.000,0.000
1777066492.106722,1777066492.489999,383.277,59.780,0.061,-0.316,0.000,0.000,0.000,0.000
1777066493.007662,1777066493.628948,621.286,72.040,0.051,-0.330,0.000,0.000,0.000,0.000
,,,,,, 
1777066494.177717,1777066494.618955,441.238,77.509,0.000,0.000,0.000,49.719,-48.728,48.731
1777066494.620761,1777066495.008461,387.700,79.436,0.000,0.000,0.000,49.858,-49.260,48.411
1777066495.009763,1777066495.412180,402.417,77.508,0.000,0.000,0.000,49.805,-48.555,43.102
1777066497.743465,1777066498.127905,384.441,200.456,0.000,0.000,0.000,-0.063,-49.277,46.551
1777066498.129244,1777066498.507453,378.209,201.397,0.000,0.000,0.000,24.766,-49.639,48.275
1777066498.508974,1777066498.907743,398.769,204.838,0.000,0.000,0.000,-5.438,-49.819,49.138
1777066498.909192,1777066499.282777,373.585,203.855,0.000,0.000,0.000,21.682,-46.574,7.373
1777066499.284080,1777066499.656598,372.518,189.388,0.000,0.000,0.000,35.667,-48.286,28.608
1777066499.657761,1777066500.052629,394.868,174.148,0.000,0.000,0.000,-7.084,-44.761,39.178
1777066500.053905,1777066500.456655,402.750,155.948,0.000,0.000,0.000,-3.542,-39.444,8.187
1777066500.854010,1777066501.233774,379.764,152.686,0.000,0.000,0.000,-1.771,-44.722,29.094
1777066501.234817,1777066501.614551,379.734,91.281,0.000,0.000,0.000,-0.885,-46.000,36.493
1777066501.615649,1777066501.985659,370.009,85.743,0.000,0.000,0.000,-0.443,-47.974,43.245
1777066501.987029,1777066502.367446,380.417,78.713,0.000,0.000,0.000,-0.221,-47.750,46.087
1777066502.368765,1777066502.754562,385.797,72.710,0.000,0.000,0.000,-0.111,-48.610,44.474
1777066502.755748,1777066503.134622,378.874,71.861,0.000,0.000,0.000,-0.055,-31.422,41.861
1777066503.135769,1777066503.522073,386.304,66.120,0.000,0.000,0.000,-0.028,-21.092,33.597
1777066503.523518,1777066503.921723,398.205,65.000,0.000,0.000,0.000,-24.579,13.960,34.324
1777066503.923186,1777066504.293902,370.717,64.825,0.000,0.000,0.000,-33.895,6.933,28.948
1777066504.295993,1777066504.682730,386.738,39.443,0.000,0.000,0.000,-38.622,-0.748,23.746
1777066504.683972,1777066505.060104,376.132,28.894,0.000,0.000,0.000,-42.856,11.583,17.681
1777066505.062229,1777066505.440269,378.040,27.937,0.000,0.000,0.000,-44.460,16.092,10.163
1777066505.441741,1777066505.822106,380.364,22.108,0.000,0.000,0.000,-43.323,16.691,5.247
1777066505.823291,1777066506.208368,385.078,19.714,0.000,0.000,0.000,-43.548,11.129,5.218
1777066506.209465,1777066506.588116,378.651,17.456,0.000,0.000,0.000,-44.334,16.008,8.263
1777066506.589206,1777066506.983445,394.239,19.247,0.000,0.000,0.000,-47.054,27.055,-19.368
1777066506.984629,1777066507.375033,390.404,20.850,0.000,0.000,0.000,-48.322,36.275,-27.898
1777066507.376345,1777066507.769993,393.648,20.614,0.000,0.000,0.000,-48.843,38.855,-36.688
1777066507.772722,1777066508.174571,401.848,21.636,0.000,0.000,0.000,-47.989,41.294,-37.175
1777066508.175838,1777066508.555820,379.982,25.641,0.000,0.000,0.000,-48.951,45.358,-43.498
1777066508.557219,1777066508.973026,415.807,28.604,0.000,0.000,0.000,-49.194,47.575,-46.489
1777066508.974822,1777066509.363877,389.055,33.947,0.000,0.000,0.000,-49.594,48.744,-48.203
1777066509.365069,1777066509.765309,400.240,41.810,0.000,0.000,0.000,-49.786,49.370,-49.102
1777066510.170266,1777066510.568080,397.814,63.144,0.000,0.000,0.000,-47.225,46.840,-17.820
1777066510.570375,1777066510.968657,398.282,74.454,0.000,0.000,0.000,-42.760,48.420,-33.910
1777066510.971123,1777066511.375994,404.871,78.299,0.000,0.000,0.000,3.336,49.209,-41.930
1777066511.377357,1777066511.789857,412.500,78.570,0.000,0.000,0.000,26.553,41.663,-43.140
1777066511.791582,1777066512.183349,391.766,85.558,0.000,0.000,0.000,38.277,45.829,-46.450
1777066512.184627,1777066512.568193,383.565,87.207,0.000,0.000,0.000,19.138,47.914,-46.386
1777066512.569612,1777066512.961228,391.616,97.904,0.000,0.000,0.000,9.569,48.957,-48.193
1777066513.362379,1777066513.749341,386.962,108.524,0.000,0.000,0.000,4.785,46.064,-42.902
1777066513.751000,1777066514.153506,402.506,87.804,0.000,0.000,0.000,2.392,34.315,-30.748
1777066514.154793,1777066514.548851,394.058,89.143,0.000,0.000,0.000,1.196,27.762,-35.754
1777066514.550422,1777066514.939553,389.131,79.455,0.000,0.000,0.000,25.597,10.285,-24.925
1777066514.941432,1777066515.356673,415.241,75.974,0.000,0.000,0.000,37.754,-7.425,-28.823
1777066515.358090,1777066515.751878,393.787,76.361,0.000,0.000,0.000,43.852,-3.536,-2.951
1777066515.753346,1777066516.150562,397.216,69.726,0.000,0.000,0.000,46.720,6.696,-8.436
1777066516.152134,1777066516.544539,392.405,65.022,0.000,0.000,0.000,47.870,4.700,4.472
1777066516.545898,1777066516.943249,397.351,52.603,0.000,0.000,0.000,48.818,-10.710,-2.227
1777066516.944685,1777066517.329033,384.348,38.855,0.000,0.000,0.000,49.409,-27.785,14.546
1777066517.330455,1777066517.728315,397.860,47.063,0.000,0.000,0.000,49.705,-31.586,32.046
1777066517.729607,1777066518.126278,396.671,49.546,0.000,0.000,0.000,49.804,-38.994,36.035
1777066518.127456,1777066518.499291,371.835,60.079,0.000,0.000,0.000,49.902,-44.497,42.541
1777066518.500650,1777066518.904959,404.309,60.733,0.000,0.000,0.000,49.950,-46.308,31.813
1777066518.906257,1777066519.296966,390.709,64.156,0.000,0.000,0.000,49.975,-47.814,37.568
1777066519.298183,1777066519.686396,388.213,69.129,0.000,0.000,0.000,49.987,-48.725,43.775
1777066519.687577,1777066520.083954,396.378,71.831,0.000,0.000,0.000,49.980,-49.257,45.824
1777066521.258055,1777066521.637989,379.934,269.865,0.000,0.000,0.000,-0.009,0.371,-2.087
1777066521.639635,1777066522.023108,383.473,276.427,0.000,0.000,0.000,24.995,-24.814,5.324
1777066522.024290,1777066522.420214,395.924,268.023,0.000,0.000,0.000,33.710,-37.400,27.549
1777066522.421541,1777066522.818739,397.197,266.418,0.000,0.000,0.000,41.450,-43.650,-4.923
1777066522.820176,1777066523.203447,383.272,263.294,0.000,0.000,0.000,45.613,-46.224,-23.000
1777066523.204585,1777066523.588982,384.397,266.091,0.000,0.000,0.000,47.699,-48.112,13.229
1777066523.590453,1777066523.979343,388.890,265.802,0.000,0.000,0.000,39.066,-49.054,23.040
1777066523.982936,1777066524.367793,384.858,110.520,0.000,0.000,0.000,40.757,-42.818,1.690
1777066524.764840,1777066525.144331,379.491,75.176,0.000,0.000,0.000,-2.463,-24.383,18.235
1777066525.145514,1777066525.530133,384.619,66.423,0.000,0.000,0.000,-23.339,-33.176,29.917
1777066525.531689,1777066525.918633,386.944,60.766,0.000,0.000,0.000,-11.669,-41.562,39.185
1777066525.919908,1777066526.305698,385.790,56.313,0.000,0.000,0.000,-5.835,-31.103,10.081
1777066526.307080,1777066526.694759,387.679,53.605,0.000,0.000,0.000,-2.917,-24.424,20.898
1777066526.696646,1777066527.096426,399.780,50.937,0.000,0.000,0.000,-1.459,-22.823,24.997
1777066527.098156,1777066527.486580,388.424,40.973,0.000,0.000,0.000,-0.729,-12.082,28.341
1777066527.488096,1777066527.869126,381.030,36.717,0.000,0.000,0.000,-0.365,-13.248,24.500
1777066527.872725,1777066528.271720,398.995,36.268,0.000,0.000,0.000,-0.182,-13.915,24.289
1777066528.272998,1777066528.671348,398.350,17.513,0.000,0.000,0.000,-17.890,-10.303,19.915
1777066528.672654,1777066529.074743,402.089,16.832,0.000,0.000,0.000,-28.173,-3.596,19.332
1777066529.076763,1777066529.461608,384.845,15.759,0.000,0.000,0.000,-33.863,3.131,16.844
1777066529.463027,1777066529.843252,380.225,11.988,0.000,0.000,0.000,-36.342,-0.066,19.145
1777066529.844990,1777066530.238112,393.122,11.356,0.000,0.000,0.000,-27.456,-0.014,12.883
1777066530.239507,1777066530.676151,436.644,10.514,0.000,0.000,0.000,-29.422,-0.174,11.683
1777066530.677538,1777066531.113965,436.426,10.240,0.000,0.000,0.000,-33.432,-5.066,8.068
1777066531.115583,1777066531.518197,402.614,9.356,0.000,0.000,0.000,-32.419,-0.092,7.585
1777066531.520130,1777066531.905023,384.893,9.736,0.000,0.000,0.000,-37.640,-6.487,7.577
1777066531.906475,1777066532.299607,393.132,9.999,0.000,0.000,0.000,-40.959,3.111,6.591
1777066532.302669,1777066532.699939,397.270,11.012,0.000,0.000,0.000,-44.437,11.516,3.856
1777066532.701338,1777066533.094781,393.443,11.063,0.000,0.000,0.000,-42.361,11.302,5.127
1777066533.096070,1777066533.489256,393.187,10.805,0.000,0.000,0.000,-37.957,12.768,5.939
1777066533.490849,1777066533.878073,387.224,11.096,0.000,0.000,0.000,-40.823,17.133,3.414
1777066533.879493,1777066534.272258,392.765,12.173,0.000,0.000,0.000,-42.394,21.148,-2.409
1777066534.273818,1777066534.677856,404.038,12.680,0.000,0.000,0.000,-41.335,23.550,-6.945
1777066534.679399,1777066535.073536,394.137,14.048,0.000,0.000,0.000,-44.128,33.157,-22.407
1777066535.075084,1777066535.478104,403.020,17.502,0.000,0.000,0.000,-46.900,41.382,-33.264
1777066535.480044,1777066535.888312,408.268,21.477,0.000,0.000,0.000,-48.425,45.600,-40.551
1777066535.890046,1777066536.292805,402.760,30.929,0.000,0.000,0.000,-49.167,47.800,-45.275
1777066536.294381,1777066536.683853,389.472,40.374,0.000,0.000,0.000,-49.582,48.900,-47.637
1777066536.685719,1777066537.097060,411.340,40.358,0.000,0.000,0.000,-43.169,36.952,-16.526
1777066537.098400,1777066537.504615,406.214,44.590,0.000,0.000,0.000,-46.349,43.459,-31.791
1777066537.505766,1777066537.899526,393.760,44.768,0.000,0.000,0.000,-44.627,39.205,-6.158
1777066538.298965,1777066538.675964,376.999,66.491,0.000,0.000,0.000,-43.394,38.725,6.536
1777066539.062315,1777066539.464457,402.141,98.382,0.000,0.000,0.000,-44.665,44.351,13.881
1777066539.465722,1777066539.849812,384.089,99.187,0.000,0.000,0.000,2.666,42.803,-17.826
1777066539.851232,1777066540.239627,388.394,96.098,0.000,0.000,0.000,26.329,46.401,-33.658
1777066541.008927,1777066541.391582,382.656,213.504,0.000,0.000,0.000,38.164,48.187,-41.825
1777066541.393024,1777066541.771702,378.677,215.173,0.000,0.000,0.000,19.082,48.099,-42.079
1777066541.782415,1777066542.162970,380.555,199.482,0.000,0.000,0.000,9.541,48.072,-45.827
1777066542.165361,1777066542.544558,379.198,203.390,0.000,0.000,0.000,4.771,49.006,-45.326
1777066543.330685,1777066543.718125,387.441,4474.701,0.000,0.000,0.000,2.385,33.603,-35.291
1777066543.719568,1777066544.106403,386.835,4469.525,0.000,0.000,0.000,1.193,21.648,-32.633
1777066544.107949,1777066544.502164,394.216,4372.791,0.000,0.000,0.000,25.590,-1.707,-34.857
1777066544.503771,1777066544.890740,386.969,4351.574,0.000,0.000,0.000,36.774,-5.764,-24.470
1777066544.892899,1777066545.271572,378.673,4342.630,0.000,0.000,0.000,40.938,-9.326,-20.157
1777066545.273104,1777066545.664508,391.404,4340.893,0.000,0.000,0.000,43.150,-7.517,-16.099
1777066545.666060,1777066546.053938,387.878,4335.340,0.000,0.000,0.000,44.092,-7.085,-21.535
1777066546.055265,1777066546.443905,388.640,4336.304,0.000,0.000,0.000,47.046,-17.654,-21.682
1777066546.445034,1777066546.835223,390.190,4306.200,0.000,0.000,0.000,48.523,-29.402,0.679
1777066546.836425,1777066547.226071,389.646,35.025,0.000,0.000,0.000,49.261,-38.500,-5.692
1777066547.227483,1777066547.620695,393.213,36.538,0.000,0.000,0.000,49.539,-35.702,7.885
1777066547.621907,1777066548.009670,387.763,41.820,0.000,0.000,0.000,49.770,-40.466,28.424
1777066548.011034,1777066548.403416,392.383,43.312,0.000,0.000,0.000,49.884,-41.790,31.669
1777066548.405785,1777066548.784566,378.781,50.899,0.000,0.000,0.000,49.942,-45.754,40.464
1777066548.786047,1777066549.190236,404.188,65.242,0.000,0.000,0.000,49.971,-47.877,44.821
1777066549.191533,1777066549.586105,394.572,72.327,0.000,0.000,0.000,49.985,-48.933,47.371
1777066549.971861,1777066550.353730,381.869,98.262,0.000,0.000,0.000,49.993,-49.466,48.685
1777066550.747022,1777066551.125396,378.374,781.465,0.000,0.000,0.000,49.996,-49.733,49.343
1777066551.521543,1777066551.928239,406.696,935.857,0.000,0.000,0.000,12.653,-49.866,49.671
1777066551.929766,1777066552.317276,387.511,936.318,0.000,0.000,0.000,-18.616,-48.936,49.834
1777066552.318652,1777066552.699351,380.699,932.744,0.000,0.000,0.000,-31.704,-49.413,49.913
1777066552.700928,1777066553.084834,383.906,920.662,0.000,0.000,0.000,-15.852,-49.082,49.657
1777066553.086248,1777066553.472197,385.949,914.898,0.000,0.000,0.000,-7.926,-48.126,45.154
1777066553.473287,1777066553.874219,400.932,896.197,0.000,0.000,0.000,-3.963,-35.464,29.650
1777066553.875654,1777066554.265205,389.551,882.845,0.000,0.000,0.000,-1.982,-24.501,22.697
1777066554.266438,1777066554.653211,386.773,203.274,0.000,0.000,0.000,-0.991,-19.374,21.412
1777066554.654747,1777066555.036757,382.010,189.221,0.000,0.000,0.000,-21.075,-10.518,17.966
1777066555.039200,1777066555.420496,381.296,34.289,0.000,0.000,0.000,-29.162,3.515,16.562
1777066555.422301,1777066555.807432,385.131,26.628,0.000,0.000,0.000,-38.453,6.422,12.881
1777066555.808546,1777066556.190498,381.953,21.731,0.000,0.000,0.000,-42.046,16.827,15.951
1777066556.192239,1777066556.576984,384.745,16.813,0.000,0.000,0.000,-39.744,16.610,14.508
1777066556.578369,1777066556.967126,388.757,16.224,0.000,0.000,0.000,-44.773,22.501,-3.295
1777066556.968339,1777066557.341729,373.389,15.458,0.000,0.000,0.000,-46.321,27.607,-9.141
1777066557.342931,1777066557.734780,391.849,17.970,0.000,0.000,0.000,-48.098,31.148,-13.330
1777066557.737047,1777066558.128433,391.386,20.137,0.000,0.000,0.000,-48.884,37.502,-19.078
1777066558.129730,1777066558.512404,382.674,22.740,0.000,0.000,0.000,-49.398,40.176,-23.952
1777066558.513961,1777066558.882219,368.258,24.750,0.000,0.000,0.000,-49.377,43.654,-30.337
1777066558.884390,1777066559.268508,384.118,28.142,0.000,0.000,0.000,-49.616,46.279,-39.367
1777066559.270360,1777066559.654145,383.785,30.699,0.000,0.000,0.000,-49.724,47.924,-42.383
1777066559.656077,1777066560.036426,380.348,33.801,0.000,0.000,0.000,-49.505,48.848,-46.005
1777066560.037762,1777066560.446570,408.809,38.919,0.000,0.000,0.000,-49.733,49.418,-45.338
1777066560.859313,1777066561.231037,371.724,123.202,0.000,0.000,0.000,0.024,49.709,-47.669
1777066561.233061,1777066561.620316,387.256,136.541,0.000,0.000,0.000,25.012,49.855,-48.834
1777066561.621540,1777066562.019053,397.513,137.317,0.000,0.000,0.000,-11.964,49.835,-6.379
1777066562.417207,1777066562.811163,393.956,182.101,0.000,0.000,0.000,19.018,49.918,-28.161
1777066562.812688,1777066563.189857,377.170,190.619,0.000,0.000,0.000,9.509,49.959,-38.936
1777066563.191810,1777066563.601324,409.514,187.544,0.000,0.000,0.000,4.755,33.456,-33.931
1777066563.602847,1777066563.993574,390.728,190.485,0.000,0.000,0.000,2.377,41.040,-32.773
1777066563.995374,1777066564.387423,392.048,188.717,0.000,0.000,0.000,1.189,40.619,-33.075
1777066564.388703,1777066564.784112,395.410,123.994,0.000,0.000,0.000,0.594,43.144,-41.010
1777066564.785288,1777066565.168299,383.011,110.258,0.000,0.000,0.000,25.273,32.097,-29.355
1777066565.169642,1777066565.565480,395.838,96.281,0.000,0.000,0.000,37.459,11.952,-18.602
1777066565.567795,1777066565.945131,377.336,96.964,0.000,0.000,0.000,43.725,-1.964,-12.547
1777066565.946500,1777066566.329783,383.284,66.601,0.000,0.000,0.000,46.863,-8.257,18.187
1777066566.331017,1777066566.717436,386.419,61.244,0.000,0.000,0.000,48.431,-21.666,30.911
1777066567.101606,1777066567.476657,375.051,119.227,0.000,0.000,0.000,49.203,-25.117,19.814
1777066567.478390,1777066567.852510,374.120,130.275,0.000,0.000,0.000,49.601,-37.558,32.167
1777066567.853985,1777066568.235000,381.016,127.462,0.000,0.000,0.000,47.387,-31.819,15.221
1777066568.236266,1777066568.636026,399.761,122.908,0.000,0.000,0.000,48.379,-33.791,16.079
1777066568.637475,1777066569.023770,386.296,126.729,0.000,0.000,0.000,49.189,-41.883,18.340
1777066569.025357,1777066569.409068,383.711,129.294,0.000,0.000,0.000,49.592,-45.291,-4.336
1777066569.410610,1777066569.797123,386.513,134.560,0.000,0.000,0.000,49.796,-47.641,-6.516
1777066570.183258,1777066570.575543,392.286,185.637,0.000,0.000,0.000,49.898,-48.811,21.404
1777066570.576627,1777066570.969196,392.569,119.339,0.000,0.000,0.000,47.639,-43.021,-1.289
1777066570.970633,1777066571.343516,372.883,118.418,0.000,0.000,0.000,48.603,-44.179,-19.753
1777066571.344661,1777066571.744787,400.126,118.482,0.000,0.000,0.000,49.301,-47.089,15.117
1777066571.746363,1777066572.143995,397.631,127.005,0.000,0.000,0.000,49.084,-48.545,32.558
1777066572.145304,1777066572.521788,376.484,133.432,0.000,0.000,0.000,49.542,-49.247,-8.527
1777066572.524050,1777066572.912396,388.346,133.777,0.000,0.000,0.000,-0.207,0.377,-23.151
1777066572.913510,1777066573.300054,386.544,136.082,0.000,0.000,0.000,-18.397,-24.806,13.424
1777066573.301191,1777066573.674603,373.413,134.294,0.000,0.000,0.000,-33.741,-37.401,31.712
1777066573.676274,1777066574.074620,398.346,81.023,0.000,0.000,0.000,-16.870,-43.697,40.759
1777066574.077013,1777066574.466924,389.911,74.450,0.000,0.000,0.000,-8.435,-36.968,35.711
1777066574.468131,1777066574.854155,386.024,77.517,0.000,0.000,0.000,-4.218,-43.361,42.768
1777066574.855303,1777066575.236612,381.309,76.744,0.000,0.000,0.000,-2.109,-41.968,45.073
1777066575.237998,1777066575.614225,376.227,60.256,0.000,0.000,0.000,-1.054,-40.881,44.173
1777066575.615644,1777066575.996978,381.334,53.906,0.000,0.000,0.000,-25.102,-44.904,45.897
1777066575.998107,1777066576.378763,380.657,47.273,0.000,0.000,0.000,-36.928,-14.642,43.583
1777066576.379936,1777066576.761115,381.179,40.098,0.000,0.000,0.000,-34.358,-9.359,31.329
1777066576.762320,1777066577.144578,382.258,33.792,0.000,0.000,0.000,-38.613,-9.502,27.319
1777066577.145926,1777066577.537191,391.265,26.866,0.000,0.000,0.000,-38.861,-12.836,25.709
1777066577.538466,1777066577.919820,381.354,22.337,0.000,0.000,0.000,-39.963,-5.486,23.672
1777066577.920967,1777066578.301199,380.232,21.595,0.000,0.000,0.000,-35.543,4.305,14.949
1777066578.302911,1777066578.694503,391.592,17.628,0.000,0.000,0.000,-36.105,6.650,11.602
1777066578.695980,1777066579.082801,386.821,16.395,0.000,0.000,0.000,-38.473,14.090,12.047
1777066579.084176,1777066579.477167,392.991,15.634,0.000,0.000,0.000,-41.997,18.221,1.683
1777066579.478359,1777066579.863226,384.867,13.104,0.000,0.000,0.000,-40.978,22.140,2.921
1777066579.864312,1777066580.232658,368.346,13.967,0.000,0.000,0.000,-45.286,34.385,-17.275
1777066580.234055,1777066580.622993,388.938,15.187,0.000,0.000,0.000,-46.261,36.736,-13.263
1777066580.625264,1777066581.018243,392.979,14.736,0.000,0.000,0.000,-40.516,26.317,-1.538
1777066581.019352,1777066581.405646,386.294,21.154,0.000,0.000,0.000,-45.255,38.146,-25.757
1777066581.407103,1777066581.803694,396.591,23.336,0.000,0.000,0.000,-47.335,43.292,-31.340
1777066581.805440,1777066582.204319,398.878,25.174,0.000,0.000,0.000,-47.588,43.320,-36.839
1777066582.206564,1777066582.589465,382.901,31.580,0.000,0.000,0.000,-48.739,46.658,-43.405
1777066582.590908,1777066582.980536,389.628,36.107,0.000,0.000,0.000,-49.289,48.312,-46.477
1777066582.982059,1777066583.366564,384.505,44.705,0.000,0.000,0.000,-49.626,49.156,-48.236
1777066583.367730,1777066583.750404,382.673,53.933,0.000,0.000,0.000,-48.938,49.578,-49.117
,,,,,, 
